Timestamp,Value (°F)
05-Nov-25 2:20:03 PM MST,74.76
05-Nov-25 2:30:00 PM MST,75.04
05-Nov-25 2:40:00 PM MST,75.14
05-Nov-25 2:50:00 PM MST,75.02
05-Nov-25 3:00:01 PM MST,75.10
05-Nov-25 3:10:00 PM MST,75.05
05-Nov-25 3:20:00 PM MST,74.70
05-Nov-25 3:30:00 PM MST,74.33
05-Nov-25 3:40:00 PM MST,74.38
05-Nov-25 3:50:00 PM MST,74.07
05-Nov-25 4:00:01 PM MST,74.10
05-Nov-25 4:10:00 PM MST,75.18
05-Nov-25 4:20:00 PM MST,76.56
05-Nov-25 4:30:00 PM MST,77.40
05-Nov-25 4:40:00 PM MST,77.96
05-Nov-25 4:50:00 PM MST,78.34
05-Nov-25 5:00:01 PM MST,78.63
05-Nov-25 5:10:00 PM MST,78.79
05-Nov-25 5:20:00 PM MST,78.85
05-Nov-25 5:30:00 PM MST,78.88
05-Nov-25 5:40:00 PM MST,78.86
05-Nov-25 5:50:00 PM MST,78.79
05-Nov-25 6:00:00 PM MST,78.67
05-Nov-25 6:10:00 PM MST,78.50
05-Nov-25 6:20:00 PM MST,78.32
05-Nov-25 6:30:00 PM MST,78.12
05-Nov-25 6:40:00 PM MST,77.91
05-Nov-25 6:50:00 PM MST,77.71
05-Nov-25 7:00:01 PM MST,77.48
05-Nov-25 7:10:00 PM MST,77.24
05-Nov-25 7:20:00 PM MST,77.04
05-Nov-25 7:30:00 PM MST,76.81
05-Nov-25 7:40:00 PM MST,76.60
05-Nov-25 7:50:00 PM MST,76.38
05-Nov-25 8:00:01 PM MST,76.18
05-Nov-25 8:10:00 PM MST,75.97
05-Nov-25 8:20:01 PM MST,75.75
05-Nov-25 8:30:00 PM MST,75.59
05-Nov-25 8:40:00 PM MST,75.37
05-Nov-25 8:50:00 PM MST,75.18
05-Nov-25 9:00:00 PM MST,75.00
05-Nov-25 9:10:00 PM MST,74.83
05-Nov-25 9:20:00 PM MST,74.64
05-Nov-25 9:30:00 PM MST,74.47
05-Nov-25 9:40:00 PM MST,74.31
05-Nov-25 9:50:00 PM MST,74.16
05-Nov-25 10:00:00 PM MST,74.04
05-Nov-25 10:10:00 PM MST,73.89
05-Nov-25 10:20:00 PM MST,73.77
05-Nov-25 10:30:00 PM MST,73.65
05-Nov-25 10:40:00 PM MST,73.53
05-Nov-25 10:50:00 PM MST,73.43
05-Nov-25 11:00:00 PM MST,73.32
05-Nov-25 11:10:00 PM MST,73.23
05-Nov-25 11:20:00 PM MST,73.12
05-Nov-25 11:30:00 PM MST,73.04
05-Nov-25 11:40:00 PM MST,72.95
05-Nov-25 11:50:00 PM MST,72.88
06-Nov-25 12:00:00 AM MST,72.80
06-Nov-25 12:10:00 AM MST,72.73
06-Nov-25 12:20:00 AM MST,72.66
06-Nov-25 12:30:00 AM MST,72.58
06-Nov-25 12:40:00 AM MST,72.52
06-Nov-25 12:50:00 AM MST,72.45
06-Nov-25 1:00:00 AM MST,72.40
06-Nov-25 1:10:00 AM MST,72.33
06-Nov-25 1:20:00 AM MST,72.27
06-Nov-25 1:30:00 AM MST,72.23
06-Nov-25 1:40:00 AM MST,72.20
06-Nov-25 1:50:00 AM MST,72.18
06-Nov-25 2:00:00 AM MST,72.18
06-Nov-25 2:10:00 AM MST,72.17
06-Nov-25 2:20:00 AM MST,72.18
06-Nov-25 2:30:00 AM MST,72.21
06-Nov-25 2:40:00 AM MST,72.25
06-Nov-25 2:50:00 AM MST,72.28
06-Nov-25 3:00:01 AM MST,72.34
06-Nov-25 3:10:00 AM MST,72.37
06-Nov-25 3:20:00 AM MST,72.45
06-Nov-25 3:30:00 AM MST,72.48
06-Nov-25 3:40:00 AM MST,72.51
06-Nov-25 3:50:00 AM MST,72.54
06-Nov-25 4:00:01 AM MST,72.57
06-Nov-25 4:10:00 AM MST,72.60
06-Nov-25 4:20:00 AM MST,72.63
06-Nov-25 4:30:00 AM MST,72.64
06-Nov-25 4:40:00 AM MST,72.64
06-Nov-25 4:50:00 AM MST,72.63
06-Nov-25 5:00:01 AM MST,72.59
06-Nov-25 5:10:00 AM MST,72.58
06-Nov-25 5:20:00 AM MST,72.54
06-Nov-25 5:30:00 AM MST,72.53
06-Nov-25 5:40:00 AM MST,72.50
06-Nov-25 5:50:00 AM MST,72.18
06-Nov-25 6:00:00 AM MST,72.12
06-Nov-25 6:10:00 AM MST,72.40
06-Nov-25 6:20:00 AM MST,72.37
06-Nov-25 6:30:00 AM MST,72.41
06-Nov-25 6:40:00 AM MST,72.41
06-Nov-25 6:50:00 AM MST,72.44
06-Nov-25 7:00:01 AM MST,72.43
06-Nov-25 7:10:00 AM MST,72.41
06-Nov-25 7:20:00 AM MST,72.41
06-Nov-25 7:30:00 AM MST,72.39
06-Nov-25 7:40:00 AM MST,72.39
06-Nov-25 7:50:00 AM MST,72.40
06-Nov-25 8:00:00 AM MST,72.41
06-Nov-25 8:10:00 AM MST,72.39
06-Nov-25 8:20:00 AM MST,72.36
06-Nov-25 8:30:00 AM MST,72.39
06-Nov-25 8:40:00 AM MST,72.43
06-Nov-25 8:50:00 AM MST,72.46
06-Nov-25 9:00:01 AM MST,72.55
06-Nov-25 9:10:00 AM MST,72.56
06-Nov-25 9:20:00 AM MST,72.52
06-Nov-25 9:30:00 AM MST,72.53
06-Nov-25 9:40:00 AM MST,72.56
06-Nov-25 9:50:00 AM MST,72.60
06-Nov-25 10:00:00 AM MST,72.64
06-Nov-25 10:10:00 AM MST,72.70
06-Nov-25 10:20:00 AM MST,72.75
06-Nov-25 10:30:00 AM MST,72.80
06-Nov-25 10:40:00 AM MST,72.87
06-Nov-25 10:50:00 AM MST,72.93
06-Nov-25 11:00:00 AM MST,73.01
06-Nov-25 11:10:00 AM MST,73.07
06-Nov-25 11:20:00 AM MST,73.07
06-Nov-25 11:30:00 AM MST,73.14
06-Nov-25 11:40:00 AM MST,73.15
06-Nov-25 11:50:00 AM MST,73.18
06-Nov-25 12:00:00 PM MST,73.20
06-Nov-25 12:10:00 PM MST,73.20
06-Nov-25 12:20:00 PM MST,73.18
06-Nov-25 12:30:00 PM MST,73.15
06-Nov-25 12:40:00 PM MST,73.10
06-Nov-25 12:50:00 PM MST,73.18
06-Nov-25 1:00:01 PM MST,73.21
06-Nov-25 1:10:00 PM MST,73.17
06-Nov-25 1:20:00 PM MST,73.13
06-Nov-25 1:30:00 PM MST,73.13
06-Nov-25 1:40:00 PM MST,73.14
06-Nov-25 1:50:00 PM MST,73.14
06-Nov-25 2:00:00 PM MST,73.16
06-Nov-25 2:10:00 PM MST,73.17
06-Nov-25 2:20:00 PM MST,73.20
06-Nov-25 2:30:00 PM MST,73.25
06-Nov-25 2:40:00 PM MST,73.28
06-Nov-25 2:50:00 PM MST,73.31
06-Nov-25 3:00:00 PM MST,73.33
06-Nov-25 3:10:00 PM MST,73.36
06-Nov-25 3:20:00 PM MST,72.94
06-Nov-25 3:30:00 PM MST,72.44
06-Nov-25 3:40:00 PM MST,72.22
06-Nov-25 3:50:00 PM MST,72.13
06-Nov-25 4:00:00 PM MST,72.04
06-Nov-25 4:10:00 PM MST,73.40
06-Nov-25 4:20:00 PM MST,74.71
06-Nov-25 4:30:00 PM MST,75.53
06-Nov-25 4:40:00 PM MST,76.10
06-Nov-25 4:50:00 PM MST,76.46
06-Nov-25 5:00:00 PM MST,76.73
06-Nov-25 5:10:00 PM MST,76.88
06-Nov-25 5:20:00 PM MST,76.97
06-Nov-25 5:30:00 PM MST,77.01
06-Nov-25 5:40:00 PM MST,77.02
06-Nov-25 5:50:00 PM MST,77.01
06-Nov-25 6:00:00 PM MST,76.96
06-Nov-25 6:10:00 PM MST,76.91
06-Nov-25 6:20:00 PM MST,76.83
06-Nov-25 6:30:00 PM MST,76.72
06-Nov-25 6:40:05 PM MST,76.56
06-Nov-25 6:50:00 PM MST,76.42
06-Nov-25 7:00:00 PM MST,76.32
06-Nov-25 7:10:00 PM MST,76.19
06-Nov-25 7:20:00 PM MST,76.05
06-Nov-25 7:30:00 PM MST,75.91
06-Nov-25 7:40:00 PM MST,75.75
06-Nov-25 7:50:00 PM MST,75.61
06-Nov-25 8:00:00 PM MST,75.42
06-Nov-25 8:10:00 PM MST,75.28
06-Nov-25 8:20:00 PM MST,75.15
06-Nov-25 8:30:00 PM MST,74.98
06-Nov-25 8:40:00 PM MST,74.83
06-Nov-25 8:50:00 PM MST,74.69
06-Nov-25 9:00:00 PM MST,74.53
06-Nov-25 9:10:00 PM MST,74.34
06-Nov-25 9:20:00 PM MST,74.22
06-Nov-25 9:30:00 PM MST,74.06
06-Nov-25 9:40:00 PM MST,73.91
06-Nov-25 9:50:00 PM MST,73.76
06-Nov-25 10:00:00 PM MST,73.63
06-Nov-25 10:10:00 PM MST,73.47
06-Nov-25 10:20:00 PM MST,73.32
06-Nov-25 10:30:00 PM MST,73.16
06-Nov-25 10:40:00 PM MST,73.02
06-Nov-25 10:50:00 PM MST,72.88
06-Nov-25 11:00:00 PM MST,72.76
06-Nov-25 11:10:00 PM MST,72.61
06-Nov-25 11:20:00 PM MST,72.46
06-Nov-25 11:30:00 PM MST,72.31
06-Nov-25 11:40:00 PM MST,72.14
06-Nov-25 11:50:00 PM MST,72.03
07-Nov-25 12:00:00 AM MST,71.88
07-Nov-25 12:10:00 AM MST,71.78
07-Nov-25 12:20:00 AM MST,71.63
07-Nov-25 12:30:00 AM MST,71.51
07-Nov-25 12:40:00 AM MST,71.38
07-Nov-25 12:50:00 AM MST,71.28
07-Nov-25 1:00:00 AM MST,71.15
07-Nov-25 1:10:00 AM MST,71.07
07-Nov-25 1:20:00 AM MST,70.96
07-Nov-25 1:30:00 AM MST,70.85
07-Nov-25 1:40:00 AM MST,70.77
07-Nov-25 1:50:00 AM MST,70.66
07-Nov-25 2:00:00 AM MST,70.56
07-Nov-25 2:10:00 AM MST,70.43
07-Nov-25 2:20:01 AM MST,70.35
07-Nov-25 2:30:00 AM MST,70.22
07-Nov-25 2:40:00 AM MST,70.14
07-Nov-25 2:50:00 AM MST,70.03
07-Nov-25 3:00:01 AM MST,69.94
07-Nov-25 3:10:00 AM MST,69.84
07-Nov-25 3:20:00 AM MST,69.73
07-Nov-25 3:30:00 AM MST,69.62
07-Nov-25 3:40:00 AM MST,69.51
07-Nov-25 3:50:00 AM MST,69.41
07-Nov-25 4:00:00 AM MST,69.29
07-Nov-25 4:10:00 AM MST,69.20
07-Nov-25 4:20:00 AM MST,69.09
07-Nov-25 4:30:00 AM MST,69.01
07-Nov-25 4:40:00 AM MST,68.85
07-Nov-25 4:50:00 AM MST,69.61
07-Nov-25 5:00:01 AM MST,70.12
07-Nov-25 5:10:00 AM MST,70.71
07-Nov-25 5:20:00 AM MST,71.24
07-Nov-25 5:30:00 AM MST,71.49
07-Nov-25 5:40:00 AM MST,71.33
07-Nov-25 5:50:00 AM MST,71.43
07-Nov-25 6:00:01 AM MST,71.42
07-Nov-25 6:10:00 AM MST,71.39
07-Nov-25 6:20:00 AM MST,71.40
07-Nov-25 6:30:00 AM MST,71.44
07-Nov-25 6:40:00 AM MST,71.52
07-Nov-25 6:50:00 AM MST,71.55
07-Nov-25 7:00:01 AM MST,71.60
07-Nov-25 7:10:00 AM MST,71.58
07-Nov-25 7:20:00 AM MST,71.58
07-Nov-25 7:30:00 AM MST,71.58
07-Nov-25 7:40:00 AM MST,71.59
07-Nov-25 7:50:00 AM MST,71.59
07-Nov-25 8:00:00 AM MST,71.58
07-Nov-25 8:10:00 AM MST,71.59
07-Nov-25 8:20:00 AM MST,71.58
07-Nov-25 8:30:00 AM MST,71.57
07-Nov-25 8:40:00 AM MST,71.61
07-Nov-25 8:50:00 AM MST,71.60
07-Nov-25 9:00:00 AM MST,71.62
07-Nov-25 9:10:00 AM MST,71.63
07-Nov-25 9:20:00 AM MST,71.65
07-Nov-25 9:30:00 AM MST,71.65
07-Nov-25 9:40:00 AM MST,71.98
07-Nov-25 9:50:00 AM MST,72.27
07-Nov-25 10:00:00 AM MST,72.45
07-Nov-25 10:10:00 AM MST,72.62
07-Nov-25 10:20:00 AM MST,72.68
07-Nov-25 10:30:00 AM MST,72.72
07-Nov-25 10:40:00 AM MST,72.77
07-Nov-25 10:50:00 AM MST,72.83
07-Nov-25 11:00:00 AM MST,72.86
07-Nov-25 11:10:01 AM MST,72.93
07-Nov-25 11:20:00 AM MST,72.92
07-Nov-25 11:30:00 AM MST,72.98
07-Nov-25 11:40:00 AM MST,72.83
07-Nov-25 11:50:00 AM MST,72.80
07-Nov-25 12:00:01 PM MST,72.82
07-Nov-25 12:10:00 PM MST,72.98
07-Nov-25 12:20:00 PM MST,72.86
07-Nov-25 12:30:00 PM MST,72.79
07-Nov-25 12:40:00 PM MST,72.92
07-Nov-25 12:50:00 PM MST,72.79
07-Nov-25 1:00:00 PM MST,72.78
07-Nov-25 1:10:00 PM MST,72.79
07-Nov-25 1:20:00 PM MST,72.89
07-Nov-25 1:30:00 PM MST,72.92
07-Nov-25 1:40:00 PM MST,72.91
07-Nov-25 1:50:00 PM MST,72.91
07-Nov-25 2:00:00 PM MST,72.86
07-Nov-25 2:10:00 PM MST,72.79
07-Nov-25 2:20:47 PM MST,72.72
07-Nov-25 2:30:00 PM MST,72.66
07-Nov-25 2:40:00 PM MST,72.54
07-Nov-25 2:50:00 PM MST,72.46
07-Nov-25 3:00:00 PM MST,72.41
07-Nov-25 3:10:00 PM MST,72.44
07-Nov-25 3:20:00 PM MST,72.44
07-Nov-25 3:30:00 PM MST,72.41
07-Nov-25 3:40:00 PM MST,72.46
07-Nov-25 3:50:00 PM MST,72.42
07-Nov-25 4:00:00 PM MST,72.38
07-Nov-25 4:10:00 PM MST,73.21
07-Nov-25 4:20:00 PM MST,73.94
07-Nov-25 4:30:00 PM MST,74.34
07-Nov-25 4:40:00 PM MST,74.63
07-Nov-25 4:50:00 PM MST,74.84
07-Nov-25 5:00:00 PM MST,74.99
07-Nov-25 5:10:00 PM MST,75.09
07-Nov-25 5:20:00 PM MST,75.14
07-Nov-25 5:30:00 PM MST,75.16
07-Nov-25 5:40:00 PM MST,75.15
07-Nov-25 5:50:00 PM MST,75.14
07-Nov-25 6:00:00 PM MST,75.07
07-Nov-25 6:10:00 PM MST,75.03
07-Nov-25 6:20:00 PM MST,74.96
07-Nov-25 6:30:00 PM MST,74.85
07-Nov-25 6:40:00 PM MST,74.73
07-Nov-25 6:50:00 PM MST,74.62
07-Nov-25 7:00:00 PM MST,74.46
07-Nov-25 7:10:00 PM MST,74.29
07-Nov-25 7:20:00 PM MST,74.17
07-Nov-25 7:30:00 PM MST,74.02
07-Nov-25 7:40:00 PM MST,73.87
07-Nov-25 7:50:00 PM MST,73.71
07-Nov-25 8:00:00 PM MST,73.53
07-Nov-25 8:10:00 PM MST,73.37
07-Nov-25 8:20:00 PM MST,73.19
07-Nov-25 8:30:00 PM MST,73.03
07-Nov-25 8:40:00 PM MST,72.85
07-Nov-25 8:50:00 PM MST,72.70
07-Nov-25 9:00:00 PM MST,72.53
07-Nov-25 9:10:00 PM MST,72.37
07-Nov-25 9:20:00 PM MST,72.20
07-Nov-25 9:30:00 PM MST,72.05
07-Nov-25 9:40:00 PM MST,71.90
07-Nov-25 9:50:00 PM MST,71.74
07-Nov-25 10:00:00 PM MST,71.59
07-Nov-25 10:10:00 PM MST,71.43
07-Nov-25 10:20:00 PM MST,71.28
07-Nov-25 10:30:00 PM MST,71.14
07-Nov-25 10:40:00 PM MST,71.01
07-Nov-25 10:50:00 PM MST,70.87
07-Nov-25 11:00:05 PM MST,70.74
07-Nov-25 11:10:00 PM MST,70.62
07-Nov-25 11:20:00 PM MST,70.47
07-Nov-25 11:30:00 PM MST,70.36
07-Nov-25 11:40:00 PM MST,70.26
07-Nov-25 11:50:00 PM MST,70.22
08-Nov-25 12:00:00 AM MST,70.20
08-Nov-25 12:10:00 AM MST,70.21
08-Nov-25 12:20:00 AM MST,70.20
08-Nov-25 12:30:00 AM MST,70.20
08-Nov-25 12:40:00 AM MST,70.17
08-Nov-25 12:50:00 AM MST,70.15
08-Nov-25 1:00:00 AM MST,70.15
08-Nov-25 1:10:00 AM MST,70.13
08-Nov-25 1:20:00 AM MST,70.14
08-Nov-25 1:30:00 AM MST,70.12
08-Nov-25 1:40:00 AM MST,70.14
08-Nov-25 1:50:00 AM MST,70.12
08-Nov-25 2:00:00 AM MST,70.12
08-Nov-25 2:10:00 AM MST,70.12
08-Nov-25 2:20:00 AM MST,70.12
08-Nov-25 2:30:00 AM MST,70.10
08-Nov-25 2:40:00 AM MST,70.10
08-Nov-25 2:50:00 AM MST,70.08
08-Nov-25 3:00:00 AM MST,70.07
08-Nov-25 3:10:00 AM MST,70.06
08-Nov-25 3:20:00 AM MST,70.06
08-Nov-25 3:30:00 AM MST,70.03
08-Nov-25 3:40:00 AM MST,70.03
08-Nov-25 3:50:00 AM MST,70.01
08-Nov-25 4:00:00 AM MST,70.00
08-Nov-25 4:10:00 AM MST,69.97
08-Nov-25 4:20:00 AM MST,69.89
08-Nov-25 4:30:00 AM MST,69.83
08-Nov-25 4:40:00 AM MST,69.71
08-Nov-25 4:50:00 AM MST,69.59
08-Nov-25 5:00:00 AM MST,69.47
08-Nov-25 5:10:00 AM MST,69.33
08-Nov-25 5:20:00 AM MST,69.18
08-Nov-25 5:30:00 AM MST,69.06
08-Nov-25 5:40:00 AM MST,68.92
08-Nov-25 5:50:00 AM MST,68.76
08-Nov-25 6:00:00 AM MST,68.64
08-Nov-25 6:10:00 AM MST,68.48
08-Nov-25 6:20:00 AM MST,68.37
08-Nov-25 6:30:00 AM MST,68.22
08-Nov-25 6:40:00 AM MST,68.12
08-Nov-25 6:50:00 AM MST,67.97
08-Nov-25 7:00:01 AM MST,67.86
08-Nov-25 7:10:00 AM MST,67.74
08-Nov-25 7:20:00 AM MST,67.67
08-Nov-25 7:30:00 AM MST,67.57
08-Nov-25 7:40:00 AM MST,67.51
08-Nov-25 7:50:00 AM MST,67.44
08-Nov-25 8:00:00 AM MST,67.41
08-Nov-25 8:10:00 AM MST,67.37
08-Nov-25 8:20:00 AM MST,67.36
08-Nov-25 8:30:00 AM MST,67.36
08-Nov-25 8:40:00 AM MST,67.37
08-Nov-25 8:50:00 AM MST,67.35
08-Nov-25 9:00:00 AM MST,67.37
08-Nov-25 9:10:00 AM MST,67.36
08-Nov-25 9:20:00 AM MST,67.37
08-Nov-25 9:30:00 AM MST,67.42
08-Nov-25 9:40:00 AM MST,67.47
08-Nov-25 9:50:00 AM MST,67.59
08-Nov-25 10:00:00 AM MST,67.67
08-Nov-25 10:10:00 AM MST,67.81
08-Nov-25 10:20:00 AM MST,68.01
08-Nov-25 10:30:00 AM MST,68.25
08-Nov-25 10:40:00 AM MST,68.55
08-Nov-25 10:50:00 AM MST,68.93
08-Nov-25 11:00:00 AM MST,69.34
08-Nov-25 11:10:00 AM MST,69.82
08-Nov-25 11:20:00 AM MST,70.36
08-Nov-25 11:30:00 AM MST,70.91
08-Nov-25 11:40:00 AM MST,71.48
08-Nov-25 11:50:00 AM MST,72.13
08-Nov-25 12:00:00 PM MST,72.78
08-Nov-25 12:10:00 PM MST,73.45
08-Nov-25 12:20:00 PM MST,74.19
08-Nov-25 12:30:00 PM MST,74.85
08-Nov-25 12:40:00 PM MST,75.56
08-Nov-25 12:50:00 PM MST,76.24
08-Nov-25 1:00:00 PM MST,77.02
08-Nov-25 1:10:00 PM MST,77.72
08-Nov-25 1:20:00 PM MST,78.42
08-Nov-25 1:30:00 PM MST,79.13
08-Nov-25 1:40:00 PM MST,79.84
08-Nov-25 1:50:00 PM MST,80.50
08-Nov-25 2:00:00 PM MST,81.18
08-Nov-25 2:10:00 PM MST,81.83
08-Nov-25 2:20:00 PM MST,82.45
08-Nov-25 2:30:00 PM MST,83.04
08-Nov-25 2:40:00 PM MST,83.59
08-Nov-25 2:50:00 PM MST,84.10
08-Nov-25 3:00:00 PM MST,84.60
08-Nov-25 3:10:00 PM MST,85.10
08-Nov-25 3:20:00 PM MST,85.52
08-Nov-25 3:30:00 PM MST,85.87
08-Nov-25 3:40:00 PM MST,86.25
08-Nov-25 3:50:00 PM MST,86.55
08-Nov-25 4:00:00 PM MST,86.79
08-Nov-25 4:10:00 PM MST,86.97
08-Nov-25 4:20:00 PM MST,87.11
08-Nov-25 4:30:00 PM MST,87.15
08-Nov-25 4:40:00 PM MST,87.14
08-Nov-25 4:50:00 PM MST,86.99
08-Nov-25 5:00:00 PM MST,86.69
08-Nov-25 5:10:00 PM MST,86.25
08-Nov-25 5:20:00 PM MST,85.81
08-Nov-25 5:30:00 PM MST,85.36
08-Nov-25 5:40:00 PM MST,84.87
08-Nov-25 5:50:00 PM MST,84.33
08-Nov-25 6:00:00 PM MST,83.78
08-Nov-25 6:10:00 PM MST,83.22
08-Nov-25 6:20:00 PM MST,82.64
08-Nov-25 6:30:00 PM MST,82.07
08-Nov-25 6:40:00 PM MST,81.46
08-Nov-25 6:50:00 PM MST,80.90
08-Nov-25 7:00:00 PM MST,80.34
08-Nov-25 7:10:00 PM MST,79.81
08-Nov-25 7:20:00 PM MST,79.23
08-Nov-25 7:30:00 PM MST,78.73
08-Nov-25 7:40:00 PM MST,78.26
08-Nov-25 7:50:00 PM MST,77.79
08-Nov-25 8:00:00 PM MST,77.33
08-Nov-25 8:10:00 PM MST,76.88
08-Nov-25 8:20:00 PM MST,76.49
08-Nov-25 8:30:00 PM MST,76.07
08-Nov-25 8:40:00 PM MST,75.71
08-Nov-25 8:50:00 PM MST,75.33
08-Nov-25 9:00:00 PM MST,75.00
08-Nov-25 9:10:00 PM MST,74.66
08-Nov-25 9:20:00 PM MST,74.32
08-Nov-25 9:30:00 PM MST,74.00
08-Nov-25 9:40:00 PM MST,73.69
08-Nov-25 9:50:00 PM MST,73.40
08-Nov-25 10:00:00 PM MST,73.07
08-Nov-25 10:10:00 PM MST,72.81
08-Nov-25 10:20:00 PM MST,72.54
08-Nov-25 10:30:00 PM MST,72.28
08-Nov-25 10:40:00 PM MST,72.03
08-Nov-25 10:50:00 PM MST,71.75
08-Nov-25 11:00:00 PM MST,71.52
08-Nov-25 11:10:00 PM MST,71.27
08-Nov-25 11:20:00 PM MST,71.05
08-Nov-25 11:30:00 PM MST,70.81
08-Nov-25 11:40:00 PM MST,70.57
08-Nov-25 11:50:00 PM MST,70.35
09-Nov-25 12:00:00 AM MST,70.11
09-Nov-25 12:10:00 AM MST,69.90
09-Nov-25 12:20:00 AM MST,69.68
09-Nov-25 12:30:00 AM MST,69.50
09-Nov-25 12:40:00 AM MST,69.28
09-Nov-25 12:50:00 AM MST,69.07
09-Nov-25 1:00:00 AM MST,68.91
09-Nov-25 1:10:00 AM MST,68.72
09-Nov-25 1:20:00 AM MST,68.53
09-Nov-25 1:30:00 AM MST,68.37
09-Nov-25 1:40:00 AM MST,68.20
09-Nov-25 1:50:00 AM MST,68.01
09-Nov-25 2:00:01 AM MST,67.85
09-Nov-25 2:10:00 AM MST,67.66
09-Nov-25 2:20:00 AM MST,67.50
09-Nov-25 2:30:00 AM MST,67.34
09-Nov-25 2:40:00 AM MST,67.17
09-Nov-25 2:50:00 AM MST,67.01
09-Nov-25 3:00:00 AM MST,66.84
09-Nov-25 3:10:00 AM MST,66.69
09-Nov-25 3:20:04 AM MST,66.53
09-Nov-25 3:30:00 AM MST,66.38
09-Nov-25 3:40:00 AM MST,66.21
09-Nov-25 3:50:00 AM MST,66.04
09-Nov-25 4:00:00 AM MST,65.88
09-Nov-25 4:10:00 AM MST,65.75
09-Nov-25 4:20:00 AM MST,65.59
09-Nov-25 4:30:00 AM MST,65.44
09-Nov-25 4:40:00 AM MST,65.32
09-Nov-25 4:50:00 AM MST,65.19
09-Nov-25 5:00:00 AM MST,65.05
09-Nov-25 5:10:00 AM MST,64.90
09-Nov-25 5:20:00 AM MST,64.77
09-Nov-25 5:30:00 AM MST,64.64
09-Nov-25 5:40:00 AM MST,64.52
09-Nov-25 5:50:00 AM MST,64.39
09-Nov-25 6:00:00 AM MST,64.26
09-Nov-25 6:10:00 AM MST,64.16
09-Nov-25 6:20:00 AM MST,64.02
09-Nov-25 6:30:00 AM MST,63.93
09-Nov-25 6:40:00 AM MST,63.81
09-Nov-25 6:50:00 AM MST,63.69
09-Nov-25 7:00:00 AM MST,63.60
09-Nov-25 7:10:00 AM MST,63.51
09-Nov-25 7:20:00 AM MST,63.44
09-Nov-25 7:30:00 AM MST,63.38
09-Nov-25 7:40:00 AM MST,63.31
09-Nov-25 7:50:00 AM MST,63.29
09-Nov-25 8:00:00 AM MST,63.30
09-Nov-25 8:10:00 AM MST,63.30
09-Nov-25 8:20:00 AM MST,63.29
09-Nov-25 8:30:00 AM MST,63.33
09-Nov-25 8:40:00 AM MST,63.36
09-Nov-25 8:50:00 AM MST,63.37
09-Nov-25 9:00:01 AM MST,63.40
09-Nov-25 9:10:00 AM MST,63.45
09-Nov-25 9:20:00 AM MST,63.52
09-Nov-25 9:30:00 AM MST,63.61
09-Nov-25 9:40:00 AM MST,63.74
09-Nov-25 9:50:00 AM MST,63.86
09-Nov-25 10:00:00 AM MST,64.02
09-Nov-25 10:10:00 AM MST,64.21
09-Nov-25 10:20:00 AM MST,64.46
09-Nov-25 10:30:00 AM MST,64.74
09-Nov-25 10:40:00 AM MST,65.13
09-Nov-25 10:50:00 AM MST,65.51
09-Nov-25 11:00:00 AM MST,65.97
09-Nov-25 11:10:00 AM MST,66.48
09-Nov-25 11:20:00 AM MST,67.02
09-Nov-25 11:30:00 AM MST,67.60
09-Nov-25 11:40:00 AM MST,68.25
09-Nov-25 11:50:00 AM MST,68.94
09-Nov-25 12:00:00 PM MST,69.56
09-Nov-25 12:10:00 PM MST,70.31
09-Nov-25 12:20:00 PM MST,71.00
09-Nov-25 12:30:00 PM MST,71.70
09-Nov-25 12:40:00 PM MST,72.44
09-Nov-25 12:50:00 PM MST,73.17
09-Nov-25 1:00:00 PM MST,73.96
09-Nov-25 1:10:00 PM MST,74.67
09-Nov-25 1:20:00 PM MST,75.42
09-Nov-25 1:30:00 PM MST,76.14
09-Nov-25 1:40:00 PM MST,76.90
09-Nov-25 1:50:00 PM MST,77.62
09-Nov-25 2:00:00 PM MST,78.28
09-Nov-25 2:10:00 PM MST,78.99
09-Nov-25 2:20:47 PM MST,79.73
09-Nov-25 2:30:00 PM MST,80.35
09-Nov-25 2:40:00 PM MST,80.94
09-Nov-25 2:50:00 PM MST,81.52
09-Nov-25 3:00:00 PM MST,82.06
09-Nov-25 3:10:00 PM MST,82.55
09-Nov-25 3:20:00 PM MST,83.05
09-Nov-25 3:30:00 PM MST,83.48
09-Nov-25 3:40:00 PM MST,83.85
09-Nov-25 3:50:00 PM MST,84.13
09-Nov-25 4:00:00 PM MST,84.33
09-Nov-25 4:10:00 PM MST,84.45
09-Nov-25 4:20:00 PM MST,84.51
09-Nov-25 4:30:00 PM MST,84.55
09-Nov-25 4:40:00 PM MST,84.54
09-Nov-25 4:50:00 PM MST,84.49
09-Nov-25 5:00:01 PM MST,84.30
09-Nov-25 5:10:00 PM MST,83.96
09-Nov-25 5:20:00 PM MST,83.55
09-Nov-25 5:30:00 PM MST,83.14
09-Nov-25 5:40:00 PM MST,82.69
09-Nov-25 5:50:00 PM MST,82.26
09-Nov-25 6:00:00 PM MST,81.75
09-Nov-25 6:10:00 PM MST,81.22
09-Nov-25 6:20:00 PM MST,80.75
09-Nov-25 6:30:00 PM MST,80.18
09-Nov-25 6:40:00 PM MST,79.71
09-Nov-25 6:50:00 PM MST,79.17
09-Nov-25 7:00:00 PM MST,78.68
09-Nov-25 7:10:00 PM MST,78.17
09-Nov-25 7:20:00 PM MST,77.68
09-Nov-25 7:30:00 PM MST,77.21
09-Nov-25 7:40:00 PM MST,76.78
09-Nov-25 7:50:00 PM MST,76.31
09-Nov-25 8:00:00 PM MST,75.89
09-Nov-25 8:10:00 PM MST,75.47
09-Nov-25 8:20:00 PM MST,75.07
09-Nov-25 8:30:00 PM MST,74.71
09-Nov-25 8:40:00 PM MST,74.35
09-Nov-25 8:50:00 PM MST,73.99
09-Nov-25 9:00:00 PM MST,73.65
09-Nov-25 9:10:00 PM MST,73.32
09-Nov-25 9:20:00 PM MST,72.97
09-Nov-25 9:30:00 PM MST,72.66
09-Nov-25 9:40:00 PM MST,72.35
09-Nov-25 9:50:00 PM MST,72.06
09-Nov-25 10:00:00 PM MST,71.77
09-Nov-25 10:10:00 PM MST,71.51
09-Nov-25 10:20:00 PM MST,71.23
09-Nov-25 10:30:00 PM MST,71.00
09-Nov-25 10:40:00 PM MST,70.74
09-Nov-25 10:50:00 PM MST,70.51
09-Nov-25 11:00:00 PM MST,70.29
09-Nov-25 11:10:00 PM MST,70.07
09-Nov-25 11:20:00 PM MST,69.87
09-Nov-25 11:30:00 PM MST,69.67
09-Nov-25 11:40:00 PM MST,69.46
09-Nov-25 11:50:00 PM MST,69.28
10-Nov-25 12:00:00 AM MST,69.10
10-Nov-25 12:10:00 AM MST,68.93
10-Nov-25 12:20:00 AM MST,68.76
10-Nov-25 12:30:00 AM MST,68.57
10-Nov-25 12:40:00 AM MST,68.43
10-Nov-25 12:50:00 AM MST,68.29
10-Nov-25 1:00:00 AM MST,68.13
10-Nov-25 1:10:00 AM MST,68.01
10-Nov-25 1:20:00 AM MST,67.87
10-Nov-25 1:30:00 AM MST,67.73
10-Nov-25 1:40:00 AM MST,67.64
10-Nov-25 1:50:00 AM MST,67.53
10-Nov-25 2:00:00 AM MST,67.45
10-Nov-25 2:10:00 AM MST,67.36
10-Nov-25 2:20:00 AM MST,67.25
10-Nov-25 2:30:00 AM MST,67.20
10-Nov-25 2:40:00 AM MST,67.10
10-Nov-25 2:50:00 AM MST,67.03
10-Nov-25 3:00:00 AM MST,66.95
10-Nov-25 3:10:00 AM MST,66.84
10-Nov-25 3:20:00 AM MST,66.76
10-Nov-25 3:30:00 AM MST,66.66
10-Nov-25 3:40:00 AM MST,66.62
10-Nov-25 3:50:00 AM MST,66.29
10-Nov-25 4:00:00 AM MST,67.04
10-Nov-25 4:10:00 AM MST,67.61
10-Nov-25 4:20:00 AM MST,68.19
10-Nov-25 4:30:00 AM MST,68.72
10-Nov-25 4:40:00 AM MST,69.28
10-Nov-25 4:50:00 AM MST,69.81
10-Nov-25 5:00:00 AM MST,70.36
10-Nov-25 5:10:00 AM MST,70.84
10-Nov-25 5:20:00 AM MST,71.40
10-Nov-25 5:30:00 AM MST,71.37
10-Nov-25 5:40:00 AM MST,71.42
10-Nov-25 5:50:00 AM MST,71.43
10-Nov-25 6:00:00 AM MST,71.47
10-Nov-25 6:10:00 AM MST,71.51
10-Nov-25 6:20:00 AM MST,71.55
10-Nov-25 6:30:00 AM MST,71.60
10-Nov-25 6:40:00 AM MST,71.63
10-Nov-25 6:50:00 AM MST,71.62
10-Nov-25 7:00:00 AM MST,71.63
10-Nov-25 7:10:00 AM MST,71.61
10-Nov-25 7:20:00 AM MST,71.58
10-Nov-25 7:30:00 AM MST,71.55
10-Nov-25 7:40:05 AM MST,71.54
10-Nov-25 7:50:00 AM MST,71.53
10-Nov-25 8:00:01 AM MST,71.52
10-Nov-25 8:10:00 AM MST,71.53
10-Nov-25 8:20:00 AM MST,71.56
10-Nov-25 8:30:00 AM MST,71.57
10-Nov-25 8:40:00 AM MST,71.60
10-Nov-25 8:50:00 AM MST,71.65
10-Nov-25 9:00:00 AM MST,71.68
10-Nov-25 9:10:00 AM MST,71.71
10-Nov-25 9:20:00 AM MST,71.83
10-Nov-25 9:30:00 AM MST,72.00
10-Nov-25 9:40:00 AM MST,72.04
10-Nov-25 9:50:00 AM MST,72.09
10-Nov-25 10:00:00 AM MST,72.13
10-Nov-25 10:10:00 AM MST,72.28
10-Nov-25 10:20:00 AM MST,72.44
10-Nov-25 10:30:00 AM MST,72.65
10-Nov-25 10:40:00 AM MST,72.77
10-Nov-25 10:50:00 AM MST,72.80
10-Nov-25 11:00:00 AM MST,72.83
10-Nov-25 11:10:00 AM MST,72.93
10-Nov-25 11:20:00 AM MST,73.05
10-Nov-25 11:30:00 AM MST,73.16
10-Nov-25 11:40:00 AM MST,73.28
10-Nov-25 11:50:00 AM MST,73.34
10-Nov-25 12:00:00 PM MST,73.29
10-Nov-25 12:10:00 PM MST,73.43
10-Nov-25 12:20:00 PM MST,73.30
10-Nov-25 12:30:00 PM MST,73.22
10-Nov-25 12:40:00 PM MST,73.18
10-Nov-25 12:50:00 PM MST,73.14
10-Nov-25 1:00:00 PM MST,73.12
10-Nov-25 1:10:00 PM MST,73.27
10-Nov-25 1:20:00 PM MST,73.21
10-Nov-25 1:30:00 PM MST,73.32
10-Nov-25 1:40:00 PM MST,73.25
10-Nov-25 1:50:00 PM MST,73.17
10-Nov-25 2:00:00 PM MST,73.13
10-Nov-25 2:10:00 PM MST,73.08
10-Nov-25 2:20:03 PM MST,73.03
10-Nov-25 2:30:00 PM MST,72.97
10-Nov-25 2:40:00 PM MST,72.90
10-Nov-25 2:50:00 PM MST,72.85
10-Nov-25 3:00:00 PM MST,72.81
10-Nov-25 3:10:00 PM MST,72.77
10-Nov-25 3:20:00 PM MST,72.09
10-Nov-25 3:30:00 PM MST,71.99
10-Nov-25 3:40:00 PM MST,71.73
10-Nov-25 3:50:00 PM MST,71.78
10-Nov-25 4:00:00 PM MST,71.90
10-Nov-25 4:10:00 PM MST,72.57
10-Nov-25 4:20:00 PM MST,73.18
10-Nov-25 4:30:00 PM MST,73.48
10-Nov-25 4:40:00 PM MST,73.64
10-Nov-25 4:50:00 PM MST,73.71
10-Nov-25 5:00:00 PM MST,73.77
10-Nov-25 5:10:00 PM MST,73.82
10-Nov-25 5:20:00 PM MST,74.01
10-Nov-25 5:30:00 PM MST,74.17
10-Nov-25 5:40:00 PM MST,74.25
10-Nov-25 5:50:00 PM MST,74.33
10-Nov-25 6:00:00 PM MST,74.38
10-Nov-25 6:10:00 PM MST,74.39
10-Nov-25 6:20:00 PM MST,74.43
10-Nov-25 6:30:00 PM MST,74.43
10-Nov-25 6:40:00 PM MST,74.40
10-Nov-25 6:50:00 PM MST,74.40
10-Nov-25 7:00:00 PM MST,74.37
10-Nov-25 7:10:00 PM MST,74.36
10-Nov-25 7:20:00 PM MST,74.32
10-Nov-25 7:30:00 PM MST,74.27
10-Nov-25 7:40:00 PM MST,74.23
10-Nov-25 7:50:00 PM MST,74.20
10-Nov-25 8:00:00 PM MST,74.14
10-Nov-25 8:10:00 PM MST,74.09
10-Nov-25 8:20:00 PM MST,74.04
10-Nov-25 8:30:00 PM MST,74.00
10-Nov-25 8:40:00 PM MST,73.95
10-Nov-25 8:50:00 PM MST,73.88
10-Nov-25 9:00:00 PM MST,73.83
10-Nov-25 9:10:00 PM MST,73.76
10-Nov-25 9:20:00 PM MST,73.70
10-Nov-25 9:30:00 PM MST,73.64
10-Nov-25 9:40:00 PM MST,73.56
10-Nov-25 9:50:00 PM MST,73.50
10-Nov-25 10:00:01 PM MST,73.44
10-Nov-25 10:10:00 PM MST,73.36
10-Nov-25 10:20:00 PM MST,73.30
10-Nov-25 10:30:00 PM MST,73.24
10-Nov-25 10:40:00 PM MST,73.18
10-Nov-25 10:50:00 PM MST,73.10
10-Nov-25 11:00:00 PM MST,73.04
10-Nov-25 11:10:00 PM MST,73.00
10-Nov-25 11:20:00 PM MST,72.93
10-Nov-25 11:30:00 PM MST,72.87
10-Nov-25 11:40:00 PM MST,72.80
10-Nov-25 11:50:00 PM MST,72.76
11-Nov-25 12:00:00 AM MST,72.71
11-Nov-25 12:10:00 AM MST,72.66
11-Nov-25 12:20:00 AM MST,72.61
11-Nov-25 12:30:00 AM MST,72.57
11-Nov-25 12:40:00 AM MST,72.55
11-Nov-25 12:50:00 AM MST,72.49
11-Nov-25 1:00:01 AM MST,72.48
11-Nov-25 1:10:00 AM MST,72.46
11-Nov-25 1:20:01 AM MST,72.45
11-Nov-25 1:30:00 AM MST,72.43
11-Nov-25 1:40:00 AM MST,72.42
11-Nov-25 1:50:00 AM MST,72.39
11-Nov-25 2:00:00 AM MST,72.39
11-Nov-25 2:10:00 AM MST,72.38
11-Nov-25 2:20:00 AM MST,72.39
11-Nov-25 2:30:00 AM MST,72.36
11-Nov-25 2:40:00 AM MST,72.36
11-Nov-25 2:50:00 AM MST,72.37
11-Nov-25 3:00:00 AM MST,72.37
11-Nov-25 3:10:00 AM MST,72.37
11-Nov-25 3:20:00 AM MST,72.38
11-Nov-25 3:30:00 AM MST,72.39
11-Nov-25 3:40:00 AM MST,72.39
11-Nov-25 3:50:00 AM MST,72.41
11-Nov-25 4:00:00 AM MST,72.41
11-Nov-25 4:10:00 AM MST,72.43
11-Nov-25 4:20:00 AM MST,72.43
11-Nov-25 4:30:00 AM MST,72.46
11-Nov-25 4:40:00 AM MST,72.46
11-Nov-25 4:50:00 AM MST,72.48
11-Nov-25 5:00:00 AM MST,72.52
11-Nov-25 5:10:00 AM MST,72.53
11-Nov-25 5:20:00 AM MST,72.55
11-Nov-25 5:30:00 AM MST,72.17
11-Nov-25 5:40:00 AM MST,72.06
11-Nov-25 5:50:00 AM MST,72.01
11-Nov-25 6:00:00 AM MST,72.07
11-Nov-25 6:10:00 AM MST,72.11
11-Nov-25 6:20:00 AM MST,72.15
11-Nov-25 6:30:00 AM MST,72.22
11-Nov-25 6:40:00 AM MST,72.20
11-Nov-25 6:50:00 AM MST,72.05
11-Nov-25 7:00:00 AM MST,72.03
11-Nov-25 7:10:00 AM MST,72.04
11-Nov-25 7:20:00 AM MST,72.06
11-Nov-25 7:30:00 AM MST,72.10
11-Nov-25 7:40:00 AM MST,72.19
11-Nov-25 7:50:00 AM MST,72.20
11-Nov-25 8:00:00 AM MST,72.20
11-Nov-25 8:10:00 AM MST,72.26
11-Nov-25 8:20:00 AM MST,72.31
11-Nov-25 8:30:00 AM MST,72.38
11-Nov-25 8:40:00 AM MST,72.48
11-Nov-25 8:50:00 AM MST,72.58
11-Nov-25 9:00:00 AM MST,72.59
11-Nov-25 9:10:00 AM MST,72.61
11-Nov-25 9:20:00 AM MST,72.66
11-Nov-25 9:30:00 AM MST,72.69
11-Nov-25 9:40:00 AM MST,72.73
11-Nov-25 9:50:00 AM MST,72.78
11-Nov-25 10:00:00 AM MST,72.85
11-Nov-25 10:10:00 AM MST,72.93
11-Nov-25 10:20:00 AM MST,72.87
11-Nov-25 10:30:00 AM MST,72.92
11-Nov-25 10:40:00 AM MST,72.84
11-Nov-25 10:50:00 AM MST,72.79
11-Nov-25 11:00:00 AM MST,72.78
11-Nov-25 11:10:00 AM MST,72.73
11-Nov-25 11:20:00 AM MST,72.72
11-Nov-25 11:30:00 AM MST,72.69
11-Nov-25 11:40:00 AM MST,72.64
11-Nov-25 11:50:00 AM MST,72.63
11-Nov-25 12:00:05 PM MST,72.74
11-Nov-25 12:10:00 PM MST,72.79
11-Nov-25 12:20:00 PM MST,72.87
11-Nov-25 12:30:00 PM MST,72.79
11-Nov-25 12:40:00 PM MST,72.80
11-Nov-25 12:50:00 PM MST,72.77
11-Nov-25 1:00:00 PM MST,72.76
11-Nov-25 1:10:00 PM MST,72.75
11-Nov-25 1:20:00 PM MST,72.73
11-Nov-25 1:30:00 PM MST,72.70
11-Nov-25 1:40:00 PM MST,72.75
11-Nov-25 1:50:00 PM MST,72.75
11-Nov-25 2:00:01 PM MST,72.85
11-Nov-25 2:10:00 PM MST,72.85
11-Nov-25 2:20:48 PM MST,72.82
11-Nov-25 2:30:00 PM MST,72.78
11-Nov-25 2:40:00 PM MST,72.73
11-Nov-25 2:50:00 PM MST,72.72
11-Nov-25 3:00:00 PM MST,72.40
11-Nov-25 3:10:00 PM MST,72.27
11-Nov-25 3:20:00 PM MST,72.34
11-Nov-25 3:30:00 PM MST,72.27
11-Nov-25 3:40:00 PM MST,72.29
11-Nov-25 3:50:00 PM MST,72.28
11-Nov-25 4:00:01 PM MST,72.29
11-Nov-25 4:10:00 PM MST,73.09
11-Nov-25 4:20:00 PM MST,73.97
11-Nov-25 4:30:00 PM MST,74.56
11-Nov-25 4:40:00 PM MST,75.05
11-Nov-25 4:50:00 PM MST,75.41
11-Nov-25 5:00:01 PM MST,75.70
11-Nov-25 5:10:00 PM MST,75.93
11-Nov-25 5:20:00 PM MST,76.05
11-Nov-25 5:30:00 PM MST,76.10
11-Nov-25 5:40:00 PM MST,76.16
11-Nov-25 5:50:00 PM MST,76.15
11-Nov-25 6:00:01 PM MST,76.17
11-Nov-25 6:10:00 PM MST,76.13
11-Nov-25 6:20:00 PM MST,76.08
11-Nov-25 6:30:00 PM MST,76.04
11-Nov-25 6:40:00 PM MST,75.96
11-Nov-25 6:50:00 PM MST,75.86
11-Nov-25 7:00:00 PM MST,75.72
11-Nov-25 7:10:00 PM MST,75.60
11-Nov-25 7:20:00 PM MST,75.45
11-Nov-25 7:30:00 PM MST,75.36
11-Nov-25 7:40:00 PM MST,75.22
11-Nov-25 7:50:00 PM MST,75.10
11-Nov-25 8:00:01 PM MST,74.97
11-Nov-25 8:10:00 PM MST,74.81
11-Nov-25 8:20:00 PM MST,74.69
11-Nov-25 8:30:00 PM MST,74.55
11-Nov-25 8:40:00 PM MST,74.40
11-Nov-25 8:50:00 PM MST,74.26
11-Nov-25 9:00:01 PM MST,74.11
11-Nov-25 9:10:00 PM MST,73.97
11-Nov-25 9:20:00 PM MST,73.82
11-Nov-25 9:30:00 PM MST,73.68
11-Nov-25 9:40:00 PM MST,73.52
11-Nov-25 9:50:00 PM MST,73.36
11-Nov-25 10:00:01 PM MST,73.24
11-Nov-25 10:10:00 PM MST,73.08
11-Nov-25 10:20:00 PM MST,72.94
11-Nov-25 10:30:00 PM MST,72.78
11-Nov-25 10:40:00 PM MST,72.65
11-Nov-25 10:50:00 PM MST,72.49
11-Nov-25 11:00:01 PM MST,72.32
11-Nov-25 11:10:00 PM MST,72.17
11-Nov-25 11:20:00 PM MST,72.04
11-Nov-25 11:30:00 PM MST,71.91
11-Nov-25 11:40:00 PM MST,71.77
11-Nov-25 11:50:00 PM MST,71.64
12-Nov-25 12:00:01 AM MST,71.50
12-Nov-25 12:10:00 AM MST,71.39
12-Nov-25 12:20:00 AM MST,71.24
12-Nov-25 12:30:00 AM MST,71.14
12-Nov-25 12:40:00 AM MST,71.02
12-Nov-25 12:50:00 AM MST,70.91
12-Nov-25 1:00:01 AM MST,70.80
12-Nov-25 1:10:00 AM MST,70.71
12-Nov-25 1:20:00 AM MST,70.60
12-Nov-25 1:30:00 AM MST,70.50
12-Nov-25 1:40:00 AM MST,70.42
12-Nov-25 1:50:00 AM MST,70.33
12-Nov-25 2:00:01 AM MST,70.27
12-Nov-25 2:10:00 AM MST,70.19
12-Nov-25 2:20:00 AM MST,70.13
12-Nov-25 2:30:00 AM MST,70.09
12-Nov-25 2:40:00 AM MST,70.00
12-Nov-25 2:50:00 AM MST,69.93
12-Nov-25 3:00:01 AM MST,69.88
12-Nov-25 3:10:00 AM MST,69.83
12-Nov-25 3:20:00 AM MST,69.76
12-Nov-25 3:30:00 AM MST,69.72
12-Nov-25 3:40:00 AM MST,69.65
12-Nov-25 3:50:00 AM MST,69.63
12-Nov-25 4:00:01 AM MST,69.55
12-Nov-25 4:10:00 AM MST,69.55
12-Nov-25 4:20:00 AM MST,69.51
12-Nov-25 4:30:00 AM MST,69.48
12-Nov-25 4:40:00 AM MST,69.46
12-Nov-25 4:50:00 AM MST,69.36
12-Nov-25 5:00:01 AM MST,70.12
12-Nov-25 5:10:00 AM MST,70.67
12-Nov-25 5:20:00 AM MST,71.26
12-Nov-25 5:30:00 AM MST,71.47
12-Nov-25 5:40:00 AM MST,71.33
12-Nov-25 5:50:00 AM MST,71.49
12-Nov-25 6:00:01 AM MST,71.55
12-Nov-25 6:10:00 AM MST,71.62
12-Nov-25 6:20:00 AM MST,71.65
12-Nov-25 6:30:00 AM MST,71.65
12-Nov-25 6:40:00 AM MST,71.59
12-Nov-25 6:50:00 AM MST,71.65
12-Nov-25 7:00:01 AM MST,71.72
12-Nov-25 7:10:00 AM MST,71.82
12-Nov-25 7:20:00 AM MST,71.82
12-Nov-25 7:30:00 AM MST,71.88
12-Nov-25 7:40:00 AM MST,71.91
12-Nov-25 7:50:00 AM MST,71.93
12-Nov-25 8:00:01 AM MST,71.92
12-Nov-25 8:10:00 AM MST,71.93
12-Nov-25 8:20:00 AM MST,71.93
12-Nov-25 8:30:00 AM MST,71.93
12-Nov-25 8:40:00 AM MST,71.97
12-Nov-25 8:50:00 AM MST,71.99
12-Nov-25 9:00:00 AM MST,72.07
12-Nov-25 9:10:00 AM MST,72.15
12-Nov-25 9:20:00 AM MST,72.25
12-Nov-25 9:30:00 AM MST,72.36
12-Nov-25 9:40:00 AM MST,72.50
12-Nov-25 9:50:00 AM MST,72.63
12-Nov-25 10:00:01 AM MST,72.66
12-Nov-25 10:10:00 AM MST,72.75
12-Nov-25 10:20:00 AM MST,72.83
12-Nov-25 10:30:00 AM MST,72.90
12-Nov-25 10:40:00 AM MST,73.06
12-Nov-25 10:50:00 AM MST,73.14
12-Nov-25 11:00:01 AM MST,73.25
12-Nov-25 11:10:00 AM MST,73.19
12-Nov-25 11:20:00 AM MST,73.21
12-Nov-25 11:30:00 AM MST,73.18
12-Nov-25 11:40:00 AM MST,73.26
12-Nov-25 11:50:00 AM MST,73.16
12-Nov-25 12:00:01 PM MST,73.04
12-Nov-25 12:10:00 PM MST,72.79
12-Nov-25 12:20:00 PM MST,72.77
12-Nov-25 12:30:00 PM MST,72.72
12-Nov-25 12:40:00 PM MST,72.69
12-Nov-25 12:50:00 PM MST,72.80
12-Nov-25 1:00:01 PM MST,72.98
12-Nov-25 1:10:00 PM MST,72.94
12-Nov-25 1:20:00 PM MST,72.90
12-Nov-25 1:30:00 PM MST,72.85
12-Nov-25 1:40:00 PM MST,72.75
12-Nov-25 1:50:00 PM MST,72.63
12-Nov-25 2:00:01 PM MST,72.68
12-Nov-25 2:10:00 PM MST,72.65
12-Nov-25 2:20:00 PM MST,72.55
12-Nov-25 2:30:00 PM MST,72.43
12-Nov-25 2:40:00 PM MST,72.39
12-Nov-25 2:50:00 PM MST,72.34
12-Nov-25 3:00:00 PM MST,72.15
12-Nov-25 3:10:00 PM MST,71.91
12-Nov-25 3:20:00 PM MST,72.05
12-Nov-25 3:30:00 PM MST,72.02
12-Nov-25 3:40:00 PM MST,72.05
12-Nov-25 3:50:00 PM MST,72.02
12-Nov-25 4:00:00 PM MST,72.02
12-Nov-25 4:10:00 PM MST,72.49
12-Nov-25 4:20:04 PM MST,72.93
12-Nov-25 4:30:00 PM MST,73.30
12-Nov-25 4:40:00 PM MST,73.63
12-Nov-25 4:50:00 PM MST,73.90
12-Nov-25 5:00:00 PM MST,74.10
12-Nov-25 5:10:00 PM MST,74.26
12-Nov-25 5:20:00 PM MST,74.39
12-Nov-25 5:30:00 PM MST,74.47
12-Nov-25 5:40:00 PM MST,74.52
12-Nov-25 5:50:00 PM MST,74.57
12-Nov-25 6:00:00 PM MST,74.59
12-Nov-25 6:10:00 PM MST,74.61
12-Nov-25 6:20:00 PM MST,74.60
12-Nov-25 6:30:00 PM MST,74.58
12-Nov-25 6:40:00 PM MST,74.55
12-Nov-25 6:50:00 PM MST,74.53
12-Nov-25 7:00:01 PM MST,74.48
12-Nov-25 7:10:00 PM MST,74.41
12-Nov-25 7:20:00 PM MST,74.36
12-Nov-25 7:30:00 PM MST,74.31
12-Nov-25 7:40:00 PM MST,74.25
12-Nov-25 7:50:00 PM MST,74.18
12-Nov-25 8:00:00 PM MST,74.12
12-Nov-25 8:10:00 PM MST,74.06
12-Nov-25 8:20:00 PM MST,73.98
12-Nov-25 8:30:00 PM MST,73.94
12-Nov-25 8:40:00 PM MST,73.85
12-Nov-25 8:50:00 PM MST,73.78
12-Nov-25 9:00:00 PM MST,73.73
12-Nov-25 9:10:00 PM MST,73.65
12-Nov-25 9:20:00 PM MST,73.59
12-Nov-25 9:30:00 PM MST,73.53
12-Nov-25 9:40:00 PM MST,73.46
12-Nov-25 9:50:00 PM MST,73.36
12-Nov-25 10:00:00 PM MST,73.31
12-Nov-25 10:10:00 PM MST,73.22
12-Nov-25 10:20:00 PM MST,73.11
12-Nov-25 10:30:00 PM MST,73.03
12-Nov-25 10:40:00 PM MST,72.97
12-Nov-25 10:50:00 PM MST,72.88
12-Nov-25 11:00:01 PM MST,72.81
12-Nov-25 11:10:00 PM MST,72.75
12-Nov-25 11:20:00 PM MST,72.69
12-Nov-25 11:30:00 PM MST,72.61
12-Nov-25 11:40:00 PM MST,72.57
12-Nov-25 11:50:00 PM MST,72.52
13-Nov-25 12:00:00 AM MST,72.43
13-Nov-25 12:10:00 AM MST,72.37
13-Nov-25 12:20:00 AM MST,72.30
13-Nov-25 12:30:00 AM MST,72.26
13-Nov-25 12:40:00 AM MST,72.19
13-Nov-25 12:50:00 AM MST,72.15
13-Nov-25 1:00:00 AM MST,72.10
13-Nov-25 1:10:00 AM MST,72.07
13-Nov-25 1:20:00 AM MST,72.02
13-Nov-25 1:30:00 AM MST,71.97
13-Nov-25 1:40:00 AM MST,71.94
13-Nov-25 1:50:00 AM MST,71.89
13-Nov-25 2:00:01 AM MST,71.86
13-Nov-25 2:10:00 AM MST,71.81
13-Nov-25 2:20:00 AM MST,71.78
13-Nov-25 2:30:00 AM MST,71.76
13-Nov-25 2:40:00 AM MST,71.74
13-Nov-25 2:50:00 AM MST,71.69
13-Nov-25 3:00:00 AM MST,71.68
13-Nov-25 3:10:00 AM MST,71.66
13-Nov-25 3:20:00 AM MST,71.62
13-Nov-25 3:30:00 AM MST,71.59
13-Nov-25 3:40:00 AM MST,71.58
13-Nov-25 3:50:00 AM MST,71.55
13-Nov-25 4:00:00 AM MST,71.52
13-Nov-25 4:10:00 AM MST,71.49
13-Nov-25 4:20:00 AM MST,71.46
13-Nov-25 4:30:00 AM MST,71.41
13-Nov-25 4:40:00 AM MST,71.37
13-Nov-25 4:50:00 AM MST,71.33
13-Nov-25 5:00:00 AM MST,71.31
13-Nov-25 5:10:00 AM MST,71.24
13-Nov-25 5:20:00 AM MST,70.87
13-Nov-25 5:30:00 AM MST,71.17
13-Nov-25 5:40:00 AM MST,71.28
13-Nov-25 5:50:00 AM MST,71.38
13-Nov-25 6:00:01 AM MST,71.39
13-Nov-25 6:10:00 AM MST,71.41
13-Nov-25 6:20:00 AM MST,71.49
13-Nov-25 6:30:00 AM MST,71.61
13-Nov-25 6:40:00 AM MST,71.67
13-Nov-25 6:50:00 AM MST,71.73
13-Nov-25 7:00:01 AM MST,71.91
13-Nov-25 7:10:00 AM MST,71.99
13-Nov-25 7:20:00 AM MST,72.02
13-Nov-25 7:30:00 AM MST,72.05
13-Nov-25 7:40:00 AM MST,72.07
13-Nov-25 7:50:00 AM MST,72.04
13-Nov-25 8:00:00 AM MST,72.07
13-Nov-25 8:10:00 AM MST,72.11
13-Nov-25 8:20:00 AM MST,72.14
13-Nov-25 8:30:00 AM MST,72.20
13-Nov-25 8:40:00 AM MST,72.26
13-Nov-25 8:50:00 AM MST,72.31
13-Nov-25 9:00:01 AM MST,72.39
13-Nov-25 9:10:00 AM MST,72.49
13-Nov-25 9:20:00 AM MST,72.54
13-Nov-25 9:30:00 AM MST,72.56
13-Nov-25 9:40:00 AM MST,72.52
13-Nov-25 9:50:00 AM MST,72.58
13-Nov-25 10:00:00 AM MST,72.60
13-Nov-25 10:10:00 AM MST,72.65
13-Nov-25 10:20:00 AM MST,72.69
13-Nov-25 10:30:00 AM MST,72.77
13-Nov-25 10:40:00 AM MST,72.86
13-Nov-25 10:50:00 AM MST,72.96
13-Nov-25 11:00:00 AM MST,73.07
13-Nov-25 11:10:00 AM MST,73.14
13-Nov-25 11:20:00 AM MST,73.23
13-Nov-25 11:30:00 AM MST,73.24
13-Nov-25 11:40:00 AM MST,73.26
13-Nov-25 11:50:00 AM MST,73.26
13-Nov-25 12:00:00 PM MST,73.25
13-Nov-25 12:10:00 PM MST,73.25
13-Nov-25 12:20:00 PM MST,73.20
13-Nov-25 12:30:00 PM MST,73.18
13-Nov-25 12:40:00 PM MST,73.14
13-Nov-25 12:50:00 PM MST,73.11
13-Nov-25 1:00:00 PM MST,73.11
13-Nov-25 1:10:00 PM MST,73.06
13-Nov-25 1:20:00 PM MST,73.03
13-Nov-25 1:30:00 PM MST,73.03
13-Nov-25 1:40:00 PM MST,73.04
13-Nov-25 1:50:00 PM MST,73.06
13-Nov-25 2:00:00 PM MST,73.10
13-Nov-25 2:10:00 PM MST,73.12
13-Nov-25 2:20:49 PM MST,73.13
13-Nov-25 2:30:00 PM MST,73.17
13-Nov-25 2:40:00 PM MST,73.20
13-Nov-25 2:50:00 PM MST,73.25
13-Nov-25 3:00:00 PM MST,72.92
13-Nov-25 3:10:00 PM MST,72.54
13-Nov-25 3:20:00 PM MST,72.32
13-Nov-25 3:30:00 PM MST,72.21
13-Nov-25 3:40:00 PM MST,72.19
13-Nov-25 3:50:00 PM MST,72.15
13-Nov-25 4:00:00 PM MST,72.12
13-Nov-25 4:10:00 PM MST,73.46
13-Nov-25 4:20:00 PM MST,74.65
13-Nov-25 4:30:00 PM MST,75.36
13-Nov-25 4:40:00 PM MST,75.96
13-Nov-25 4:50:00 PM MST,76.34
13-Nov-25 5:00:00 PM MST,76.72
13-Nov-25 5:10:00 PM MST,77.18
13-Nov-25 5:20:00 PM MST,77.48
13-Nov-25 5:30:00 PM MST,77.66
13-Nov-25 5:40:00 PM MST,77.75
13-Nov-25 5:50:00 PM MST,77.81
13-Nov-25 6:00:00 PM MST,77.87
13-Nov-25 6:10:00 PM MST,77.86
13-Nov-25 6:20:00 PM MST,77.84
13-Nov-25 6:30:00 PM MST,77.80
13-Nov-25 6:40:00 PM MST,77.73
13-Nov-25 6:50:00 PM MST,77.66
13-Nov-25 7:00:00 PM MST,77.51
13-Nov-25 7:10:00 PM MST,77.36
13-Nov-25 7:20:00 PM MST,77.25
13-Nov-25 7:30:00 PM MST,77.12
13-Nov-25 7:40:00 PM MST,76.98
13-Nov-25 7:50:00 PM MST,76.87
13-Nov-25 8:00:00 PM MST,76.72
13-Nov-25 8:10:00 PM MST,76.57
13-Nov-25 8:20:00 PM MST,76.41
13-Nov-25 8:30:00 PM MST,76.24
13-Nov-25 8:40:05 PM MST,76.10
13-Nov-25 8:50:00 PM MST,75.94
13-Nov-25 9:00:01 PM MST,75.79
13-Nov-25 9:10:00 PM MST,75.65
13-Nov-25 9:20:00 PM MST,75.46
13-Nov-25 9:30:00 PM MST,75.30
13-Nov-25 9:40:00 PM MST,75.17
13-Nov-25 9:50:00 PM MST,75.02
13-Nov-25 10:00:00 PM MST,74.92
13-Nov-25 10:10:00 PM MST,74.77
13-Nov-25 10:20:00 PM MST,74.63
13-Nov-25 10:30:00 PM MST,74.54
13-Nov-25 10:40:00 PM MST,74.37
13-Nov-25 10:50:00 PM MST,74.24
13-Nov-25 11:00:00 PM MST,74.12
13-Nov-25 11:10:00 PM MST,73.98
13-Nov-25 11:20:00 PM MST,73.88
13-Nov-25 11:30:00 PM MST,73.75
13-Nov-25 11:40:00 PM MST,73.61
13-Nov-25 11:50:00 PM MST,73.50
14-Nov-25 12:00:00 AM MST,73.33
14-Nov-25 12:10:00 AM MST,73.26
14-Nov-25 12:20:00 AM MST,73.14
14-Nov-25 12:30:00 AM MST,73.03
14-Nov-25 12:40:00 AM MST,72.93
14-Nov-25 12:50:00 AM MST,72.83
14-Nov-25 1:00:00 AM MST,72.74
14-Nov-25 1:10:00 AM MST,72.67
14-Nov-25 1:20:00 AM MST,72.59
14-Nov-25 1:30:00 AM MST,72.54
14-Nov-25 1:40:00 AM MST,72.52
14-Nov-25 1:50:00 AM MST,72.49
14-Nov-25 2:00:00 AM MST,72.47
14-Nov-25 2:10:00 AM MST,72.44
14-Nov-25 2:20:00 AM MST,72.42
14-Nov-25 2:30:00 AM MST,72.41
14-Nov-25 2:40:00 AM MST,72.37
14-Nov-25 2:50:00 AM MST,72.33
14-Nov-25 3:00:00 AM MST,72.32
14-Nov-25 3:10:00 AM MST,72.28
14-Nov-25 3:20:00 AM MST,72.24
14-Nov-25 3:30:00 AM MST,72.19
14-Nov-25 3:40:00 AM MST,72.15
14-Nov-25 3:50:00 AM MST,72.07
14-Nov-25 4:00:00 AM MST,71.99
14-Nov-25 4:10:00 AM MST,71.92
14-Nov-25 4:20:00 AM MST,71.84
14-Nov-25 4:30:00 AM MST,71.76
14-Nov-25 4:40:00 AM MST,71.68
14-Nov-25 4:50:00 AM MST,71.58
14-Nov-25 5:00:00 AM MST,71.49
14-Nov-25 5:10:00 AM MST,71.40
14-Nov-25 5:20:00 AM MST,71.10
14-Nov-25 5:30:00 AM MST,71.12
14-Nov-25 5:40:00 AM MST,71.27
14-Nov-25 5:50:00 AM MST,71.35
14-Nov-25 6:00:00 AM MST,71.38
14-Nov-25 6:10:00 AM MST,71.45
14-Nov-25 6:20:00 AM MST,71.47
14-Nov-25 6:30:00 AM MST,71.54
14-Nov-25 6:40:00 AM MST,71.55
14-Nov-25 6:50:00 AM MST,71.58
14-Nov-25 7:00:00 AM MST,71.57
14-Nov-25 7:10:00 AM MST,71.56
14-Nov-25 7:20:00 AM MST,71.58
14-Nov-25 7:30:00 AM MST,71.57
14-Nov-25 7:40:00 AM MST,71.55
14-Nov-25 7:50:00 AM MST,71.58
14-Nov-25 8:00:00 AM MST,71.58
14-Nov-25 8:10:00 AM MST,71.58
14-Nov-25 8:20:00 AM MST,71.58
14-Nov-25 8:30:00 AM MST,71.86
14-Nov-25 8:40:00 AM MST,72.11
14-Nov-25 8:50:00 AM MST,72.26
14-Nov-25 9:00:00 AM MST,72.39
14-Nov-25 9:10:00 AM MST,72.50
14-Nov-25 9:20:00 AM MST,72.55
14-Nov-25 9:30:00 AM MST,72.50
14-Nov-25 9:40:00 AM MST,72.52
14-Nov-25 9:50:00 AM MST,72.55
14-Nov-25 10:00:00 AM MST,72.58
14-Nov-25 10:10:00 AM MST,72.64
14-Nov-25 10:20:00 AM MST,72.73
14-Nov-25 10:30:00 AM MST,72.79
14-Nov-25 10:40:00 AM MST,72.88
14-Nov-25 10:50:00 AM MST,72.89
14-Nov-25 11:00:00 AM MST,72.89
14-Nov-25 11:10:00 AM MST,72.95
14-Nov-25 11:20:00 AM MST,72.96
14-Nov-25 11:30:00 AM MST,72.97
14-Nov-25 11:40:00 AM MST,73.22
14-Nov-25 11:50:00 AM MST,73.03
14-Nov-25 12:00:00 PM MST,72.91
14-Nov-25 12:10:00 PM MST,72.88
14-Nov-25 12:20:00 PM MST,72.87
14-Nov-25 12:30:00 PM MST,72.83
14-Nov-25 12:40:00 PM MST,72.85
14-Nov-25 12:50:00 PM MST,72.87
14-Nov-25 1:00:00 PM MST,72.87
14-Nov-25 1:10:00 PM MST,72.87
14-Nov-25 1:20:00 PM MST,72.87
14-Nov-25 1:30:00 PM MST,72.84
14-Nov-25 1:40:00 PM MST,72.85
14-Nov-25 1:50:00 PM MST,72.86
14-Nov-25 2:00:00 PM MST,72.86
14-Nov-25 2:10:00 PM MST,72.89
14-Nov-25 2:20:00 PM MST,72.91
14-Nov-25 2:30:00 PM MST,72.94
14-Nov-25 2:40:00 PM MST,72.93
14-Nov-25 2:50:00 PM MST,72.88
14-Nov-25 3:00:00 PM MST,72.86
14-Nov-25 3:10:00 PM MST,72.80
14-Nov-25 3:20:00 PM MST,72.76
14-Nov-25 3:30:00 PM MST,72.76
14-Nov-25 3:40:00 PM MST,72.73
14-Nov-25 3:50:00 PM MST,72.67
14-Nov-25 4:00:00 PM MST,72.61
14-Nov-25 4:10:00 PM MST,73.96
14-Nov-25 4:20:00 PM MST,75.25
14-Nov-25 4:30:00 PM MST,76.01
14-Nov-25 4:40:00 PM MST,76.63
14-Nov-25 4:50:00 PM MST,77.01
14-Nov-25 5:00:00 PM MST,77.26
14-Nov-25 5:10:00 PM MST,77.38
14-Nov-25 5:20:00 PM MST,77.43
14-Nov-25 5:30:00 PM MST,77.46
14-Nov-25 5:40:00 PM MST,77.62
14-Nov-25 5:50:00 PM MST,77.74
14-Nov-25 6:00:00 PM MST,77.77
14-Nov-25 6:10:00 PM MST,77.78
14-Nov-25 6:20:00 PM MST,77.77
14-Nov-25 6:30:00 PM MST,77.73
14-Nov-25 6:40:00 PM MST,77.68
14-Nov-25 6:50:00 PM MST,77.64
14-Nov-25 7:00:00 PM MST,77.57
14-Nov-25 7:10:00 PM MST,77.47
14-Nov-25 7:20:00 PM MST,77.38
14-Nov-25 7:30:00 PM MST,77.29
14-Nov-25 7:40:00 PM MST,77.15
14-Nov-25 7:50:00 PM MST,77.01
14-Nov-25 8:00:00 PM MST,76.92
14-Nov-25 8:10:00 PM MST,76.81
14-Nov-25 8:20:00 PM MST,76.69
14-Nov-25 8:30:00 PM MST,76.56
14-Nov-25 8:40:00 PM MST,76.39
14-Nov-25 8:50:00 PM MST,76.28
14-Nov-25 9:00:00 PM MST,76.12
14-Nov-25 9:10:00 PM MST,75.98
14-Nov-25 9:20:00 PM MST,75.89
14-Nov-25 9:30:00 PM MST,75.75
14-Nov-25 9:40:00 PM MST,75.64
14-Nov-25 9:50:00 PM MST,75.54
14-Nov-25 10:00:00 PM MST,75.40
14-Nov-25 10:10:00 PM MST,75.32
14-Nov-25 10:20:00 PM MST,75.22
14-Nov-25 10:30:00 PM MST,75.10
14-Nov-25 10:40:00 PM MST,75.04
14-Nov-25 10:50:00 PM MST,74.94
14-Nov-25 11:00:00 PM MST,74.83
14-Nov-25 11:10:00 PM MST,74.76
14-Nov-25 11:20:00 PM MST,74.65
14-Nov-25 11:30:00 PM MST,74.56
14-Nov-25 11:40:00 PM MST,74.48
14-Nov-25 11:50:00 PM MST,74.37
15-Nov-25 12:00:01 AM MST,74.30
15-Nov-25 12:10:00 AM MST,74.22
15-Nov-25 12:20:01 AM MST,74.12
15-Nov-25 12:30:00 AM MST,74.08
15-Nov-25 12:40:00 AM MST,73.99
15-Nov-25 12:50:00 AM MST,73.91
15-Nov-25 1:00:05 AM MST,73.83
15-Nov-25 1:10:00 AM MST,73.71
15-Nov-25 1:20:00 AM MST,73.67
15-Nov-25 1:30:00 AM MST,73.57
15-Nov-25 1:40:00 AM MST,73.50
15-Nov-25 1:50:00 AM MST,73.44
15-Nov-25 2:00:00 AM MST,73.36
15-Nov-25 2:10:00 AM MST,73.32
15-Nov-25 2:20:00 AM MST,73.23
15-Nov-25 2:30:00 AM MST,73.17
15-Nov-25 2:40:00 AM MST,73.07
15-Nov-25 2:50:00 AM MST,73.03
15-Nov-25 3:00:00 AM MST,72.97
15-Nov-25 3:10:00 AM MST,72.92
15-Nov-25 3:20:00 AM MST,72.89
15-Nov-25 3:30:00 AM MST,72.81
15-Nov-25 3:40:00 AM MST,72.79
15-Nov-25 3:50:00 AM MST,72.73
15-Nov-25 4:00:00 AM MST,72.68
15-Nov-25 4:10:00 AM MST,72.62
15-Nov-25 4:20:00 AM MST,72.60
15-Nov-25 4:30:00 AM MST,72.55
15-Nov-25 4:40:00 AM MST,72.50
15-Nov-25 4:50:00 AM MST,72.48
15-Nov-25 5:00:00 AM MST,72.43
15-Nov-25 5:10:00 AM MST,72.41
15-Nov-25 5:20:00 AM MST,72.37
15-Nov-25 5:30:00 AM MST,72.34
15-Nov-25 5:40:00 AM MST,72.31
15-Nov-25 5:50:00 AM MST,72.29
15-Nov-25 6:00:01 AM MST,72.27
15-Nov-25 6:10:00 AM MST,72.25
15-Nov-25 6:20:00 AM MST,72.23
15-Nov-25 6:30:00 AM MST,72.21
15-Nov-25 6:40:00 AM MST,72.20
15-Nov-25 6:50:00 AM MST,72.18
15-Nov-25 7:00:00 AM MST,72.16
15-Nov-25 7:10:00 AM MST,72.14
15-Nov-25 7:20:00 AM MST,72.13
15-Nov-25 7:30:00 AM MST,72.12
15-Nov-25 7:40:00 AM MST,72.10
15-Nov-25 7:50:00 AM MST,72.12
15-Nov-25 8:00:00 AM MST,72.13
15-Nov-25 8:10:00 AM MST,72.17
15-Nov-25 8:20:00 AM MST,72.25
15-Nov-25 8:30:00 AM MST,72.32
15-Nov-25 8:40:00 AM MST,72.43
15-Nov-25 8:50:00 AM MST,72.54
15-Nov-25 9:00:00 AM MST,72.69
15-Nov-25 9:10:00 AM MST,72.86
15-Nov-25 9:20:00 AM MST,73.05
15-Nov-25 9:30:00 AM MST,73.27
15-Nov-25 9:40:00 AM MST,73.53
15-Nov-25 9:50:00 AM MST,73.80
15-Nov-25 10:00:00 AM MST,74.09
15-Nov-25 10:10:00 AM MST,74.40
15-Nov-25 10:20:00 AM MST,74.76
15-Nov-25 10:30:00 AM MST,75.16
15-Nov-25 10:40:00 AM MST,75.60
15-Nov-25 10:50:00 AM MST,76.07
15-Nov-25 11:00:00 AM MST,76.65
15-Nov-25 11:10:00 AM MST,77.18
15-Nov-25 11:20:00 AM MST,77.78
15-Nov-25 11:30:00 AM MST,78.33
15-Nov-25 11:40:00 AM MST,78.66
15-Nov-25 11:50:00 AM MST,79.01
15-Nov-25 12:00:01 PM MST,79.35
15-Nov-25 12:10:00 PM MST,79.76
15-Nov-25 12:20:00 PM MST,80.16
15-Nov-25 12:30:00 PM MST,80.60
15-Nov-25 12:40:00 PM MST,81.02
15-Nov-25 12:50:00 PM MST,81.46
15-Nov-25 1:00:01 PM MST,81.93
15-Nov-25 1:10:00 PM MST,82.38
15-Nov-25 1:20:00 PM MST,82.79
15-Nov-25 1:30:00 PM MST,83.23
15-Nov-25 1:40:00 PM MST,83.66
15-Nov-25 1:50:00 PM MST,84.13
15-Nov-25 2:00:01 PM MST,84.59
15-Nov-25 2:10:00 PM MST,85.07
15-Nov-25 2:20:47 PM MST,85.57
15-Nov-25 2:30:00 PM MST,85.99
15-Nov-25 2:40:00 PM MST,86.50
15-Nov-25 2:50:00 PM MST,86.96
15-Nov-25 3:00:01 PM MST,87.43
15-Nov-25 3:10:00 PM MST,87.88
15-Nov-25 3:20:00 PM MST,88.28
15-Nov-25 3:30:00 PM MST,88.70
15-Nov-25 3:40:00 PM MST,89.12
15-Nov-25 3:50:00 PM MST,89.44
15-Nov-25 4:00:01 PM MST,89.74
15-Nov-25 4:10:00 PM MST,90.00
15-Nov-25 4:20:00 PM MST,90.17
15-Nov-25 4:30:00 PM MST,90.28
15-Nov-25 4:40:00 PM MST,90.25
15-Nov-25 4:50:00 PM MST,90.04
15-Nov-25 5:00:01 PM MST,89.76
15-Nov-25 5:10:00 PM MST,89.70
15-Nov-25 5:20:00 PM MST,89.47
15-Nov-25 5:30:00 PM MST,89.10
15-Nov-25 5:40:00 PM MST,88.70
15-Nov-25 5:50:00 PM MST,88.34
15-Nov-25 6:00:01 PM MST,87.91
15-Nov-25 6:10:00 PM MST,87.52
15-Nov-25 6:20:00 PM MST,87.11
15-Nov-25 6:30:00 PM MST,86.71
15-Nov-25 6:40:00 PM MST,86.30
15-Nov-25 6:50:00 PM MST,85.89
15-Nov-25 7:00:01 PM MST,85.49
15-Nov-25 7:10:00 PM MST,85.10
15-Nov-25 7:20:00 PM MST,84.73
15-Nov-25 7:30:00 PM MST,84.37
15-Nov-25 7:40:00 PM MST,84.00
15-Nov-25 7:50:00 PM MST,83.65
15-Nov-25 8:00:00 PM MST,83.29
15-Nov-25 8:10:00 PM MST,82.93
15-Nov-25 8:20:00 PM MST,82.62
15-Nov-25 8:30:00 PM MST,82.28
15-Nov-25 8:40:00 PM MST,81.94
15-Nov-25 8:50:00 PM MST,81.65
15-Nov-25 9:00:00 PM MST,81.35
15-Nov-25 9:10:00 PM MST,81.06
15-Nov-25 9:20:00 PM MST,80.80
15-Nov-25 9:30:00 PM MST,80.54
15-Nov-25 9:40:00 PM MST,80.28
15-Nov-25 9:50:00 PM MST,80.02
15-Nov-25 10:00:00 PM MST,79.79
15-Nov-25 10:10:00 PM MST,79.55
15-Nov-25 10:20:00 PM MST,79.31
15-Nov-25 10:30:00 PM MST,79.08
15-Nov-25 10:40:00 PM MST,78.91
15-Nov-25 10:50:00 PM MST,78.66
15-Nov-25 11:00:00 PM MST,78.45
15-Nov-25 11:10:00 PM MST,78.27
15-Nov-25 11:20:00 PM MST,78.05
15-Nov-25 11:30:00 PM MST,77.86
15-Nov-25 11:40:00 PM MST,77.70
15-Nov-25 11:50:00 PM MST,77.51
16-Nov-25 12:00:00 AM MST,77.31
16-Nov-25 12:10:00 AM MST,77.13
16-Nov-25 12:20:00 AM MST,76.98
16-Nov-25 12:30:00 AM MST,76.80
16-Nov-25 12:40:00 AM MST,76.64
16-Nov-25 12:50:00 AM MST,76.51
16-Nov-25 1:00:00 AM MST,76.32
16-Nov-25 1:10:00 AM MST,76.15
16-Nov-25 1:20:00 AM MST,76.02
16-Nov-25 1:30:00 AM MST,75.88
16-Nov-25 1:40:00 AM MST,75.71
16-Nov-25 1:50:00 AM MST,75.55
16-Nov-25 2:00:01 AM MST,75.41
16-Nov-25 2:10:00 AM MST,75.27
16-Nov-25 2:20:00 AM MST,75.12
16-Nov-25 2:30:00 AM MST,75.00
16-Nov-25 2:40:00 AM MST,74.85
16-Nov-25 2:50:00 AM MST,74.72
16-Nov-25 3:00:00 AM MST,74.59
16-Nov-25 3:10:00 AM MST,74.47
16-Nov-25 3:20:00 AM MST,74.32
16-Nov-25 3:30:00 AM MST,74.20
16-Nov-25 3:40:00 AM MST,74.07
16-Nov-25 3:50:00 AM MST,73.97
16-Nov-25 4:00:01 AM MST,73.85
16-Nov-25 4:10:00 AM MST,73.72
16-Nov-25 4:20:00 AM MST,73.61
16-Nov-25 4:30:00 AM MST,73.49
16-Nov-25 4:40:00 AM MST,73.36
16-Nov-25 4:50:00 AM MST,73.25
16-Nov-25 5:00:00 AM MST,73.13
16-Nov-25 5:10:00 AM MST,73.01
16-Nov-25 5:20:05 AM MST,72.90
16-Nov-25 5:30:00 AM MST,72.80
16-Nov-25 5:40:00 AM MST,72.69
16-Nov-25 5:50:00 AM MST,72.58
16-Nov-25 6:00:00 AM MST,72.46
16-Nov-25 6:10:00 AM MST,72.37
16-Nov-25 6:20:00 AM MST,72.27
16-Nov-25 6:30:00 AM MST,72.15
16-Nov-25 6:40:00 AM MST,72.05
16-Nov-25 6:50:00 AM MST,71.97
16-Nov-25 7:00:00 AM MST,71.85
16-Nov-25 7:10:00 AM MST,71.76
16-Nov-25 7:20:00 AM MST,71.69
16-Nov-25 7:30:00 AM MST,71.63
16-Nov-25 7:40:00 AM MST,71.56
16-Nov-25 7:50:00 AM MST,71.53
16-Nov-25 8:00:00 AM MST,71.51
16-Nov-25 8:10:00 AM MST,71.48
16-Nov-25 8:20:00 AM MST,71.50
16-Nov-25 8:30:00 AM MST,71.52
16-Nov-25 8:40:00 AM MST,71.53
16-Nov-25 8:50:00 AM MST,71.54
16-Nov-25 9:00:00 AM MST,71.57
16-Nov-25 9:10:00 AM MST,71.59
16-Nov-25 9:20:00 AM MST,71.65
16-Nov-25 9:30:00 AM MST,71.73
16-Nov-25 9:40:00 AM MST,71.84
16-Nov-25 9:50:00 AM MST,71.98
16-Nov-25 10:00:00 AM MST,72.10
16-Nov-25 10:10:00 AM MST,72.32
16-Nov-25 10:20:00 AM MST,72.58
16-Nov-25 10:30:00 AM MST,72.87
16-Nov-25 10:40:00 AM MST,73.27
16-Nov-25 10:50:00 AM MST,73.70
16-Nov-25 11:00:00 AM MST,74.21
16-Nov-25 11:10:00 AM MST,74.75
16-Nov-25 11:20:00 AM MST,75.30
16-Nov-25 11:30:00 AM MST,75.97
16-Nov-25 11:40:00 AM MST,76.59
16-Nov-25 11:50:00 AM MST,77.22
16-Nov-25 12:00:00 PM MST,77.95
16-Nov-25 12:10:00 PM MST,78.65
16-Nov-25 12:20:00 PM MST,79.37
16-Nov-25 12:30:00 PM MST,80.13
16-Nov-25 12:40:00 PM MST,80.90
16-Nov-25 12:50:00 PM MST,81.66
16-Nov-25 1:00:00 PM MST,82.43
16-Nov-25 1:10:00 PM MST,83.23
16-Nov-25 1:20:00 PM MST,83.99
16-Nov-25 1:30:00 PM MST,84.73
16-Nov-25 1:40:00 PM MST,85.41
16-Nov-25 1:50:00 PM MST,85.90
16-Nov-25 2:00:00 PM MST,86.44
16-Nov-25 2:10:00 PM MST,86.97
16-Nov-25 2:20:00 PM MST,87.51
16-Nov-25 2:30:00 PM MST,88.03
16-Nov-25 2:40:00 PM MST,88.52
16-Nov-25 2:50:00 PM MST,88.97
16-Nov-25 3:00:01 PM MST,89.41
16-Nov-25 3:10:00 PM MST,89.78
16-Nov-25 3:20:00 PM MST,90.12
16-Nov-25 3:30:00 PM MST,90.27
16-Nov-25 3:40:00 PM MST,90.30
16-Nov-25 3:50:00 PM MST,90.18
16-Nov-25 4:00:00 PM MST,89.98
16-Nov-25 4:10:00 PM MST,89.76
16-Nov-25 4:20:00 PM MST,89.72
16-Nov-25 4:30:00 PM MST,89.49
16-Nov-25 4:40:00 PM MST,89.28
16-Nov-25 4:50:00 PM MST,88.85
16-Nov-25 5:00:00 PM MST,88.49
16-Nov-25 5:10:00 PM MST,88.12
16-Nov-25 5:20:00 PM MST,87.72
16-Nov-25 5:30:00 PM MST,87.32
16-Nov-25 5:40:00 PM MST,86.93
16-Nov-25 5:50:00 PM MST,86.52
16-Nov-25 6:00:00 PM MST,86.14
16-Nov-25 6:10:00 PM MST,85.74
16-Nov-25 6:20:00 PM MST,85.36
16-Nov-25 6:30:00 PM MST,84.97
16-Nov-25 6:40:00 PM MST,84.61
16-Nov-25 6:50:00 PM MST,84.25
16-Nov-25 7:00:00 PM MST,83.91
16-Nov-25 7:10:00 PM MST,83.55
16-Nov-25 7:20:00 PM MST,83.24
16-Nov-25 7:30:00 PM MST,82.91
16-Nov-25 7:40:00 PM MST,82.59
16-Nov-25 7:50:00 PM MST,82.30
16-Nov-25 8:00:01 PM MST,82.00
16-Nov-25 8:10:00 PM MST,81.71
16-Nov-25 8:20:00 PM MST,81.44
16-Nov-25 8:30:00 PM MST,81.18
16-Nov-25 8:40:00 PM MST,80.94
16-Nov-25 8:50:00 PM MST,80.71
16-Nov-25 9:00:01 PM MST,80.46
16-Nov-25 9:10:00 PM MST,80.24
16-Nov-25 9:20:00 PM MST,80.02
16-Nov-25 9:30:00 PM MST,79.82
16-Nov-25 9:40:00 PM MST,79.66
16-Nov-25 9:50:00 PM MST,79.48
16-Nov-25 10:00:01 PM MST,79.30
16-Nov-25 10:10:00 PM MST,79.11
16-Nov-25 10:20:00 PM MST,78.95
16-Nov-25 10:30:00 PM MST,78.78
16-Nov-25 10:40:00 PM MST,78.66
16-Nov-25 10:50:00 PM MST,78.48
16-Nov-25 11:00:01 PM MST,78.32
16-Nov-25 11:10:00 PM MST,78.20
16-Nov-25 11:20:00 PM MST,78.08
16-Nov-25 11:30:00 PM MST,77.95
16-Nov-25 11:40:00 PM MST,77.80
16-Nov-25 11:50:00 PM MST,77.66
17-Nov-25 12:00:00 AM MST,77.53
17-Nov-25 12:10:00 AM MST,77.39
17-Nov-25 12:20:00 AM MST,77.24
17-Nov-25 12:30:00 AM MST,77.14
17-Nov-25 12:40:00 AM MST,77.01
17-Nov-25 12:50:00 AM MST,76.89
17-Nov-25 1:00:00 AM MST,76.79
17-Nov-25 1:10:00 AM MST,76.70
17-Nov-25 1:20:00 AM MST,76.61
17-Nov-25 1:30:00 AM MST,76.51
17-Nov-25 1:40:00 AM MST,76.41
17-Nov-25 1:50:00 AM MST,76.35
17-Nov-25 2:00:01 AM MST,76.27
17-Nov-25 2:10:00 AM MST,76.19
17-Nov-25 2:20:00 AM MST,76.08
17-Nov-25 2:30:00 AM MST,76.01
17-Nov-25 2:40:00 AM MST,75.90
17-Nov-25 2:50:00 AM MST,75.80
17-Nov-25 3:00:00 AM MST,75.71
17-Nov-25 3:10:00 AM MST,75.60
17-Nov-25 3:20:00 AM MST,75.49
17-Nov-25 3:30:00 AM MST,75.39
17-Nov-25 3:40:00 AM MST,75.28
17-Nov-25 3:50:00 AM MST,75.17
17-Nov-25 4:00:01 AM MST,75.06
17-Nov-25 4:10:00 AM MST,74.93
17-Nov-25 4:20:00 AM MST,74.82
17-Nov-25 4:30:00 AM MST,74.39
17-Nov-25 4:40:00 AM MST,73.43
17-Nov-25 4:50:00 AM MST,73.02
17-Nov-25 5:00:01 AM MST,72.81
17-Nov-25 5:10:00 AM MST,72.58
17-Nov-25 5:20:00 AM MST,72.49
17-Nov-25 5:30:00 AM MST,72.37
17-Nov-25 5:40:00 AM MST,72.27
17-Nov-25 5:50:00 AM MST,72.15
17-Nov-25 6:00:01 AM MST,72.07
17-Nov-25 6:10:00 AM MST,72.08
17-Nov-25 6:20:00 AM MST,72.25
17-Nov-25 6:30:00 AM MST,72.27
17-Nov-25 6:40:00 AM MST,72.28
17-Nov-25 6:50:00 AM MST,72.33
17-Nov-25 7:00:01 AM MST,72.33
17-Nov-25 7:10:00 AM MST,72.34
17-Nov-25 7:20:00 AM MST,72.33
17-Nov-25 7:30:00 AM MST,72.26
17-Nov-25 7:40:00 AM MST,72.29
17-Nov-25 7:50:00 AM MST,72.31
17-Nov-25 8:00:01 AM MST,72.32
17-Nov-25 8:10:00 AM MST,72.36
17-Nov-25 8:20:00 AM MST,72.38
17-Nov-25 8:30:00 AM MST,72.38
17-Nov-25 8:40:00 AM MST,72.40
17-Nov-25 8:50:00 AM MST,72.40
17-Nov-25 9:00:00 AM MST,72.44
17-Nov-25 9:10:00 AM MST,72.44
17-Nov-25 9:20:00 AM MST,72.47
17-Nov-25 9:30:00 AM MST,72.42
17-Nov-25 9:40:05 AM MST,72.49
17-Nov-25 9:50:00 AM MST,72.54
17-Nov-25 10:00:00 AM MST,72.61
17-Nov-25 10:10:00 AM MST,72.54
17-Nov-25 10:20:00 AM MST,72.56
17-Nov-25 10:30:00 AM MST,72.60
17-Nov-25 10:40:00 AM MST,72.74
17-Nov-25 10:50:00 AM MST,72.89
17-Nov-25 11:00:00 AM MST,73.00
17-Nov-25 11:10:00 AM MST,73.12
17-Nov-25 11:20:00 AM MST,73.15
17-Nov-25 11:30:00 AM MST,73.11
17-Nov-25 11:40:00 AM MST,73.10
17-Nov-25 11:50:00 AM MST,73.13
17-Nov-25 12:00:00 PM MST,73.19
17-Nov-25 12:10:00 PM MST,73.10
17-Nov-25 12:20:00 PM MST,73.09
17-Nov-25 12:30:01 PM MST,73.05
17-Nov-25 12:40:00 PM MST,73.02
17-Nov-25 12:50:00 PM MST,73.02
17-Nov-25 1:00:00 PM MST,73.02
17-Nov-25 1:10:00 PM MST,73.02
17-Nov-25 1:20:00 PM MST,72.98
17-Nov-25 1:30:00 PM MST,72.90
17-Nov-25 1:40:00 PM MST,72.80
17-Nov-25 1:50:00 PM MST,72.63
17-Nov-25 2:00:00 PM MST,72.52
17-Nov-25 2:10:00 PM MST,72.44
17-Nov-25 2:20:48 PM MST,72.31
17-Nov-25 2:30:00 PM MST,72.26
17-Nov-25 2:40:00 PM MST,72.29
17-Nov-25 2:50:00 PM MST,72.30
17-Nov-25 3:00:01 PM MST,72.36
17-Nov-25 3:10:00 PM MST,72.15
17-Nov-25 3:20:00 PM MST,72.20
17-Nov-25 3:30:00 PM MST,72.24
17-Nov-25 3:40:00 PM MST,72.29
17-Nov-25 3:50:00 PM MST,72.49
17-Nov-25 4:00:01 PM MST,72.48
17-Nov-25 4:10:00 PM MST,73.47
17-Nov-25 4:20:00 PM MST,74.38
17-Nov-25 4:30:00 PM MST,74.98
17-Nov-25 4:40:00 PM MST,75.35
17-Nov-25 4:50:00 PM MST,75.56
17-Nov-25 5:00:01 PM MST,75.63
17-Nov-25 5:10:00 PM MST,75.68
17-Nov-25 5:20:00 PM MST,75.69
17-Nov-25 5:30:00 PM MST,75.65
17-Nov-25 5:40:00 PM MST,75.58
17-Nov-25 5:50:00 PM MST,75.47
17-Nov-25 6:00:00 PM MST,75.34
17-Nov-25 6:10:00 PM MST,75.22
17-Nov-25 6:20:00 PM MST,75.08
17-Nov-25 6:30:00 PM MST,74.93
17-Nov-25 6:40:00 PM MST,74.77
17-Nov-25 6:50:00 PM MST,74.62
17-Nov-25 7:00:00 PM MST,74.44
17-Nov-25 7:10:00 PM MST,74.27
17-Nov-25 7:20:00 PM MST,74.12
17-Nov-25 7:30:00 PM MST,73.96
17-Nov-25 7:40:00 PM MST,73.78
17-Nov-25 7:50:00 PM MST,73.64
17-Nov-25 8:00:00 PM MST,73.49
17-Nov-25 8:10:00 PM MST,73.33
17-Nov-25 8:20:00 PM MST,73.18
17-Nov-25 8:30:00 PM MST,73.05
17-Nov-25 8:40:00 PM MST,72.92
17-Nov-25 8:50:00 PM MST,72.78
17-Nov-25 9:00:01 PM MST,72.65
17-Nov-25 9:10:00 PM MST,72.49
17-Nov-25 9:20:00 PM MST,72.37
17-Nov-25 9:30:00 PM MST,72.24
17-Nov-25 9:40:00 PM MST,72.10
17-Nov-25 9:50:00 PM MST,71.98
17-Nov-25 10:00:00 PM MST,71.86
17-Nov-25 10:10:00 PM MST,71.75
17-Nov-25 10:20:00 PM MST,71.62
17-Nov-25 10:30:00 PM MST,71.50
17-Nov-25 10:40:00 PM MST,71.35
17-Nov-25 10:50:00 PM MST,71.25
17-Nov-25 11:00:00 PM MST,71.14
17-Nov-25 11:10:00 PM MST,71.03
17-Nov-25 11:20:00 PM MST,70.91
17-Nov-25 11:30:00 PM MST,70.83
17-Nov-25 11:40:00 PM MST,70.76
17-Nov-25 11:50:00 PM MST,70.67
18-Nov-25 12:00:01 AM MST,70.64
18-Nov-25 12:10:00 AM MST,70.61
18-Nov-25 12:20:00 AM MST,70.59
18-Nov-25 12:30:00 AM MST,70.59
18-Nov-25 12:40:00 AM MST,70.57
18-Nov-25 12:50:00 AM MST,70.54
18-Nov-25 1:00:00 AM MST,70.53
18-Nov-25 1:10:00 AM MST,70.53
18-Nov-25 1:20:00 AM MST,70.50
18-Nov-25 1:30:00 AM MST,70.49
18-Nov-25 1:40:00 AM MST,70.48
18-Nov-25 1:50:00 AM MST,70.48
18-Nov-25 2:00:00 AM MST,70.46
18-Nov-25 2:10:00 AM MST,70.47
18-Nov-25 2:20:00 AM MST,70.42
18-Nov-25 2:30:00 AM MST,70.40
18-Nov-25 2:40:00 AM MST,70.35
18-Nov-25 2:50:00 AM MST,70.28
18-Nov-25 3:00:00 AM MST,70.22
18-Nov-25 3:10:00 AM MST,70.12
18-Nov-25 3:20:00 AM MST,70.04
18-Nov-25 3:30:00 AM MST,69.93
18-Nov-25 3:40:00 AM MST,69.85
18-Nov-25 3:50:00 AM MST,69.73
18-Nov-25 4:00:00 AM MST,69.63
18-Nov-25 4:10:00 AM MST,69.51
18-Nov-25 4:20:00 AM MST,69.40
18-Nov-25 4:30:00 AM MST,69.29
18-Nov-25 4:40:00 AM MST,68.90
18-Nov-25 4:50:00 AM MST,69.47
18-Nov-25 5:00:00 AM MST,70.08
18-Nov-25 5:10:00 AM MST,70.61
18-Nov-25 5:20:00 AM MST,71.19
18-Nov-25 5:30:00 AM MST,71.41
18-Nov-25 5:40:00 AM MST,71.28
18-Nov-25 5:50:00 AM MST,71.41
18-Nov-25 6:00:01 AM MST,71.46
18-Nov-25 6:10:00 AM MST,71.51
18-Nov-25 6:20:00 AM MST,71.59
18-Nov-25 6:30:00 AM MST,71.60
18-Nov-25 6:40:00 AM MST,71.64
18-Nov-25 6:50:00 AM MST,71.64
18-Nov-25 7:00:00 AM MST,71.61
18-Nov-25 7:10:00 AM MST,71.57
18-Nov-25 7:20:00 AM MST,71.56
18-Nov-25 7:30:00 AM MST,71.54
18-Nov-25 7:40:00 AM MST,71.54
18-Nov-25 7:50:00 AM MST,71.55
18-Nov-25 8:00:00 AM MST,71.55
18-Nov-25 8:10:00 AM MST,71.57
18-Nov-25 8:20:00 AM MST,71.57
18-Nov-25 8:30:00 AM MST,71.58
18-Nov-25 8:40:00 AM MST,71.60
18-Nov-25 8:50:00 AM MST,71.62
18-Nov-25 9:00:01 AM MST,71.64
18-Nov-25 9:10:00 AM MST,71.65
18-Nov-25 9:20:00 AM MST,71.93
18-Nov-25 9:30:00 AM MST,72.10
18-Nov-25 9:40:00 AM MST,72.27
18-Nov-25 9:50:00 AM MST,72.42
18-Nov-25 10:00:00 AM MST,72.54
18-Nov-25 10:10:00 AM MST,72.52
18-Nov-25 10:20:00 AM MST,72.54
18-Nov-25 10:30:00 AM MST,72.64
18-Nov-25 10:40:00 AM MST,72.78
18-Nov-25 10:50:00 AM MST,72.90
18-Nov-25 11:00:00 AM MST,73.07
18-Nov-25 11:10:00 AM MST,73.14
18-Nov-25 11:20:00 AM MST,73.11
18-Nov-25 11:30:00 AM MST,73.12
18-Nov-25 11:40:00 AM MST,73.13
18-Nov-25 11:50:00 AM MST,73.17
18-Nov-25 12:00:01 PM MST,73.14
18-Nov-25 12:10:00 PM MST,73.14
18-Nov-25 12:20:00 PM MST,73.14
18-Nov-25 12:30:00 PM MST,73.15
18-Nov-25 12:40:00 PM MST,73.16
18-Nov-25 12:50:00 PM MST,73.17
18-Nov-25 1:00:00 PM MST,73.17
18-Nov-25 1:10:00 PM MST,73.17
18-Nov-25 1:20:00 PM MST,73.18
18-Nov-25 1:30:00 PM MST,73.17
18-Nov-25 1:40:00 PM MST,73.20
18-Nov-25 1:50:00 PM MST,73.22
18-Nov-25 2:00:06 PM MST,73.25
18-Nov-25 2:10:00 PM MST,73.29
18-Nov-25 2:20:00 PM MST,73.36
18-Nov-25 2:30:00 PM MST,73.39
18-Nov-25 2:40:00 PM MST,73.44
18-Nov-25 2:50:00 PM MST,73.46
18-Nov-25 3:00:00 PM MST,73.44
18-Nov-25 3:10:00 PM MST,72.80
18-Nov-25 3:20:00 PM MST,72.49
18-Nov-25 3:30:00 PM MST,72.23
18-Nov-25 3:40:00 PM MST,72.10
18-Nov-25 3:50:00 PM MST,72.04
18-Nov-25 4:00:00 PM MST,72.00
18-Nov-25 4:10:00 PM MST,73.22
18-Nov-25 4:20:00 PM MST,74.25
18-Nov-25 4:30:00 PM MST,74.92
18-Nov-25 4:40:00 PM MST,75.36
18-Nov-25 4:50:00 PM MST,75.68
18-Nov-25 5:00:01 PM MST,75.84
18-Nov-25 5:10:00 PM MST,75.94
18-Nov-25 5:20:00 PM MST,75.97
18-Nov-25 5:30:00 PM MST,75.97
18-Nov-25 5:40:00 PM MST,75.94
18-Nov-25 5:50:00 PM MST,75.87
18-Nov-25 6:00:01 PM MST,75.77
18-Nov-25 6:10:00 PM MST,75.66
18-Nov-25 6:20:00 PM MST,75.53
18-Nov-25 6:30:00 PM MST,75.39
18-Nov-25 6:40:00 PM MST,75.24
18-Nov-25 6:50:00 PM MST,75.06
18-Nov-25 7:00:00 PM MST,74.93
18-Nov-25 7:10:00 PM MST,74.75
18-Nov-25 7:20:00 PM MST,74.59
18-Nov-25 7:30:00 PM MST,74.42
18-Nov-25 7:40:00 PM MST,74.25
18-Nov-25 7:50:00 PM MST,74.11
18-Nov-25 8:00:00 PM MST,73.95
18-Nov-25 8:10:00 PM MST,73.77
18-Nov-25 8:20:00 PM MST,73.63
18-Nov-25 8:30:00 PM MST,73.48
18-Nov-25 8:40:00 PM MST,73.33
18-Nov-25 8:50:00 PM MST,73.19
18-Nov-25 9:00:00 PM MST,73.05
18-Nov-25 9:10:00 PM MST,72.93
18-Nov-25 9:20:00 PM MST,72.80
18-Nov-25 9:30:00 PM MST,72.67
18-Nov-25 9:40:00 PM MST,72.56
18-Nov-25 9:50:00 PM MST,72.43
18-Nov-25 10:00:00 PM MST,72.33
18-Nov-25 10:10:00 PM MST,72.21
18-Nov-25 10:20:00 PM MST,72.11
18-Nov-25 10:30:00 PM MST,72.00
18-Nov-25 10:40:00 PM MST,71.92
18-Nov-25 10:50:00 PM MST,71.85
18-Nov-25 11:00:00 PM MST,71.77
18-Nov-25 11:10:00 PM MST,71.70
18-Nov-25 11:20:00 PM MST,71.61
18-Nov-25 11:30:00 PM MST,71.53
18-Nov-25 11:40:00 PM MST,71.43
18-Nov-25 11:50:00 PM MST,71.36
19-Nov-25 12:00:00 AM MST,71.26
19-Nov-25 12:10:00 AM MST,71.16
19-Nov-25 12:20:00 AM MST,71.09
19-Nov-25 12:30:00 AM MST,71.00
19-Nov-25 12:40:00 AM MST,70.89
19-Nov-25 12:50:00 AM MST,70.84
19-Nov-25 1:00:00 AM MST,70.72
19-Nov-25 1:10:00 AM MST,70.63
19-Nov-25 1:20:00 AM MST,70.51
19-Nov-25 1:30:00 AM MST,70.44
19-Nov-25 1:40:00 AM MST,70.34
19-Nov-25 1:50:00 AM MST,70.25
19-Nov-25 2:00:00 AM MST,70.16
19-Nov-25 2:10:00 AM MST,70.06
19-Nov-25 2:20:00 AM MST,69.96
19-Nov-25 2:30:00 AM MST,69.88
19-Nov-25 2:40:00 AM MST,69.80
19-Nov-25 2:50:00 AM MST,69.68
19-Nov-25 3:00:01 AM MST,69.61
19-Nov-25 3:10:00 AM MST,69.51
19-Nov-25 3:20:00 AM MST,69.43
19-Nov-25 3:30:00 AM MST,69.36
19-Nov-25 3:40:01 AM MST,69.27
19-Nov-25 3:50:00 AM MST,69.18
19-Nov-25 4:00:00 AM MST,69.11
19-Nov-25 4:10:00 AM MST,69.04
19-Nov-25 4:20:00 AM MST,68.94
19-Nov-25 4:30:00 AM MST,68.67
19-Nov-25 4:40:00 AM MST,68.86
19-Nov-25 4:50:00 AM MST,69.58
19-Nov-25 5:00:00 AM MST,70.10
19-Nov-25 5:10:00 AM MST,70.65
19-Nov-25 5:20:00 AM MST,71.20
19-Nov-25 5:30:00 AM MST,71.55
19-Nov-25 5:40:00 AM MST,71.37
19-Nov-25 5:50:00 AM MST,71.49
19-Nov-25 6:00:01 AM MST,71.52
19-Nov-25 6:10:00 AM MST,71.54
19-Nov-25 6:20:00 AM MST,71.59
19-Nov-25 6:30:00 AM MST,71.58
19-Nov-25 6:40:00 AM MST,71.57
19-Nov-25 6:50:00 AM MST,71.56
19-Nov-25 7:00:00 AM MST,71.54
19-Nov-25 7:10:00 AM MST,71.53
19-Nov-25 7:20:00 AM MST,71.52
19-Nov-25 7:30:00 AM MST,71.53
19-Nov-25 7:40:00 AM MST,71.52
19-Nov-25 7:50:00 AM MST,71.52
19-Nov-25 8:00:00 AM MST,71.53
19-Nov-25 8:10:00 AM MST,71.53
19-Nov-25 8:20:00 AM MST,71.55
19-Nov-25 8:30:00 AM MST,71.57
19-Nov-25 8:40:00 AM MST,71.58
19-Nov-25 8:50:00 AM MST,71.59
19-Nov-25 9:00:01 AM MST,71.62
19-Nov-25 9:10:00 AM MST,71.64
19-Nov-25 9:20:00 AM MST,71.66
19-Nov-25 9:30:00 AM MST,71.62
19-Nov-25 9:40:00 AM MST,71.57
19-Nov-25 9:50:00 AM MST,71.57
19-Nov-25 10:00:00 AM MST,71.61
19-Nov-25 10:10:00 AM MST,71.61
19-Nov-25 10:20:00 AM MST,71.90
19-Nov-25 10:30:00 AM MST,72.14
19-Nov-25 10:40:00 AM MST,72.37
19-Nov-25 10:50:00 AM MST,72.59
19-Nov-25 11:00:00 AM MST,72.73
19-Nov-25 11:10:00 AM MST,72.78
19-Nov-25 11:20:00 AM MST,72.87
19-Nov-25 11:30:00 AM MST,72.95
19-Nov-25 11:40:00 AM MST,73.04
19-Nov-25 11:50:00 AM MST,73.20
19-Nov-25 12:00:00 PM MST,73.28
19-Nov-25 12:10:00 PM MST,73.32
19-Nov-25 12:20:00 PM MST,73.32
19-Nov-25 12:30:00 PM MST,73.30
19-Nov-25 12:40:00 PM MST,73.31
19-Nov-25 12:50:00 PM MST,73.32
19-Nov-25 1:00:00 PM MST,73.35
19-Nov-25 1:10:00 PM MST,73.35
19-Nov-25 1:20:00 PM MST,73.36
19-Nov-25 1:30:00 PM MST,73.35
19-Nov-25 1:40:00 PM MST,73.38
19-Nov-25 1:50:00 PM MST,73.43
19-Nov-25 2:00:00 PM MST,73.51
19-Nov-25 2:10:00 PM MST,73.39
19-Nov-25 2:20:47 PM MST,73.33
19-Nov-25 2:30:00 PM MST,73.31
19-Nov-25 2:40:00 PM MST,73.30
19-Nov-25 2:50:00 PM MST,73.27
19-Nov-25 3:00:00 PM MST,73.27
19-Nov-25 3:10:00 PM MST,73.03
19-Nov-25 3:20:00 PM MST,72.82
19-Nov-25 3:30:00 PM MST,72.75
19-Nov-25 3:40:00 PM MST,72.66
19-Nov-25 3:50:00 PM MST,72.52
19-Nov-25 4:00:01 PM MST,72.21
19-Nov-25 4:10:00 PM MST,73.61
19-Nov-25 4:20:00 PM MST,74.80
19-Nov-25 4:30:00 PM MST,75.45
19-Nov-25 4:40:00 PM MST,75.91
19-Nov-25 4:50:00 PM MST,76.18
19-Nov-25 5:00:00 PM MST,76.39
19-Nov-25 5:10:00 PM MST,76.50
19-Nov-25 5:20:00 PM MST,76.54
19-Nov-25 5:30:00 PM MST,76.57
19-Nov-25 5:40:00 PM MST,76.54
19-Nov-25 5:50:00 PM MST,76.47
19-Nov-25 6:00:01 PM MST,76.41
19-Nov-25 6:10:00 PM MST,76.29
19-Nov-25 6:20:05 PM MST,76.13
19-Nov-25 6:30:00 PM MST,76.02
19-Nov-25 6:40:00 PM MST,75.84
19-Nov-25 6:50:00 PM MST,75.69
19-Nov-25 7:00:00 PM MST,75.52
19-Nov-25 7:10:00 PM MST,75.32
19-Nov-25 7:20:00 PM MST,75.19
19-Nov-25 7:30:00 PM MST,75.03
19-Nov-25 7:40:00 PM MST,74.86
19-Nov-25 7:50:00 PM MST,74.73
19-Nov-25 8:00:00 PM MST,74.52
19-Nov-25 8:10:00 PM MST,74.36
19-Nov-25 8:20:00 PM MST,74.18
19-Nov-25 8:30:00 PM MST,74.00
19-Nov-25 8:40:00 PM MST,73.85
19-Nov-25 8:50:00 PM MST,73.67
19-Nov-25 9:00:00 PM MST,73.51
19-Nov-25 9:10:00 PM MST,73.32
19-Nov-25 9:20:00 PM MST,73.20
19-Nov-25 9:30:00 PM MST,73.03
19-Nov-25 9:40:00 PM MST,72.89
19-Nov-25 9:50:00 PM MST,72.74
19-Nov-25 10:00:00 PM MST,72.60
19-Nov-25 10:10:00 PM MST,72.44
19-Nov-25 10:20:00 PM MST,72.29
19-Nov-25 10:30:00 PM MST,72.13
19-Nov-25 10:40:00 PM MST,72.02
19-Nov-25 10:50:00 PM MST,71.90
19-Nov-25 11:00:00 PM MST,71.78
19-Nov-25 11:10:00 PM MST,71.64
19-Nov-25 11:20:00 PM MST,71.52
19-Nov-25 11:30:00 PM MST,71.40
19-Nov-25 11:40:00 PM MST,71.29
19-Nov-25 11:50:00 PM MST,71.17
20-Nov-25 12:00:01 AM MST,71.08
20-Nov-25 12:10:00 AM MST,71.01
20-Nov-25 12:20:00 AM MST,70.88
20-Nov-25 12:30:00 AM MST,70.81
20-Nov-25 12:40:00 AM MST,70.71
20-Nov-25 12:50:00 AM MST,70.64
20-Nov-25 1:00:00 AM MST,70.58
20-Nov-25 1:10:00 AM MST,70.53
20-Nov-25 1:20:00 AM MST,70.49
20-Nov-25 1:30:00 AM MST,70.46
20-Nov-25 1:40:00 AM MST,70.42
20-Nov-25 1:50:00 AM MST,70.38
20-Nov-25 2:00:00 AM MST,70.33
20-Nov-25 2:10:00 AM MST,70.30
20-Nov-25 2:20:00 AM MST,70.26
20-Nov-25 2:30:00 AM MST,70.22
20-Nov-25 2:40:00 AM MST,70.17
20-Nov-25 2:50:00 AM MST,70.13
20-Nov-25 3:00:00 AM MST,70.09
20-Nov-25 3:10:00 AM MST,70.02
20-Nov-25 3:20:00 AM MST,69.97
20-Nov-25 3:30:00 AM MST,69.92
20-Nov-25 3:40:00 AM MST,69.88
20-Nov-25 3:50:00 AM MST,69.83
20-Nov-25 4:00:01 AM MST,69.81
20-Nov-25 4:10:00 AM MST,69.77
20-Nov-25 4:20:00 AM MST,69.73
20-Nov-25 4:30:00 AM MST,69.71
20-Nov-25 4:40:00 AM MST,69.68
20-Nov-25 4:50:00 AM MST,69.32
20-Nov-25 5:00:00 AM MST,70.04
20-Nov-25 5:10:00 AM MST,70.55
20-Nov-25 5:20:00 AM MST,71.12
20-Nov-25 5:30:00 AM MST,71.48
20-Nov-25 5:40:00 AM MST,71.37
20-Nov-25 5:50:00 AM MST,71.52
20-Nov-25 6:00:00 AM MST,71.57
20-Nov-25 6:10:00 AM MST,71.55
20-Nov-25 6:20:00 AM MST,71.60
20-Nov-25 6:30:00 AM MST,71.68
20-Nov-25 6:40:00 AM MST,71.63
20-Nov-25 6:50:00 AM MST,71.63
20-Nov-25 7:00:00 AM MST,71.64
20-Nov-25 7:10:00 AM MST,71.63
20-Nov-25 7:20:00 AM MST,71.62
20-Nov-25 7:30:00 AM MST,71.60
20-Nov-25 7:40:00 AM MST,71.56
20-Nov-25 7:50:00 AM MST,71.53
20-Nov-25 8:00:00 AM MST,71.52
20-Nov-25 8:10:00 AM MST,71.52
20-Nov-25 8:20:00 AM MST,71.54
20-Nov-25 8:30:00 AM MST,71.53
20-Nov-25 8:40:00 AM MST,71.56
20-Nov-25 8:50:00 AM MST,71.55
20-Nov-25 9:00:00 AM MST,71.71
20-Nov-25 9:10:00 AM MST,71.89
20-Nov-25 9:20:00 AM MST,72.02
20-Nov-25 9:30:00 AM MST,72.12
20-Nov-25 9:40:00 AM MST,72.22
20-Nov-25 9:50:00 AM MST,72.34
20-Nov-25 10:00:00 AM MST,72.45
20-Nov-25 10:10:00 AM MST,72.56
20-Nov-25 10:20:00 AM MST,72.58
20-Nov-25 10:30:00 AM MST,72.57
20-Nov-25 10:40:00 AM MST,72.62
20-Nov-25 10:50:00 AM MST,72.66
20-Nov-25 11:00:00 AM MST,72.70
20-Nov-25 11:10:00 AM MST,72.76
20-Nov-25 11:20:00 AM MST,72.77
20-Nov-25 11:30:00 AM MST,72.82
20-Nov-25 11:40:00 AM MST,72.87
20-Nov-25 11:50:00 AM MST,72.88
20-Nov-25 12:00:00 PM MST,72.88
20-Nov-25 12:10:00 PM MST,72.85
20-Nov-25 12:20:00 PM MST,72.89
20-Nov-25 12:30:00 PM MST,72.89
20-Nov-25 12:40:00 PM MST,72.81
20-Nov-25 12:50:00 PM MST,72.89
20-Nov-25 1:00:00 PM MST,72.90
20-Nov-25 1:10:00 PM MST,72.87
20-Nov-25 1:20:00 PM MST,72.84
20-Nov-25 1:30:00 PM MST,72.78
20-Nov-25 1:40:00 PM MST,72.70
20-Nov-25 1:50:00 PM MST,72.64
20-Nov-25 2:00:01 PM MST,72.58
20-Nov-25 2:10:00 PM MST,72.53
20-Nov-25 2:20:00 PM MST,72.47
20-Nov-25 2:30:04 PM MST,72.41
20-Nov-25 2:40:00 PM MST,72.37
20-Nov-25 2:50:00 PM MST,72.33
20-Nov-25 3:00:00 PM MST,72.29
20-Nov-25 3:10:01 PM MST,72.17
20-Nov-25 3:20:00 PM MST,72.18
20-Nov-25 3:30:00 PM MST,72.18
20-Nov-25 3:40:00 PM MST,72.21
20-Nov-25 3:50:00 PM MST,72.22
20-Nov-25 4:00:00 PM MST,72.24
20-Nov-25 4:10:00 PM MST,72.48
20-Nov-25 4:20:00 PM MST,72.57
20-Nov-25 4:30:00 PM MST,72.62
20-Nov-25 4:40:00 PM MST,72.63
20-Nov-25 4:50:00 PM MST,72.63
20-Nov-25 5:00:01 PM MST,72.63
20-Nov-25 5:10:00 PM MST,72.58
20-Nov-25 5:20:00 PM MST,72.55
20-Nov-25 5:30:00 PM MST,72.50
20-Nov-25 5:40:00 PM MST,72.44
20-Nov-25 5:50:00 PM MST,72.37
20-Nov-25 6:00:00 PM MST,72.32
20-Nov-25 6:10:00 PM MST,72.26
20-Nov-25 6:20:00 PM MST,72.19
20-Nov-25 6:30:00 PM MST,72.13
20-Nov-25 6:40:00 PM MST,72.06
20-Nov-25 6:50:00 PM MST,72.00
20-Nov-25 7:00:00 PM MST,71.93
20-Nov-25 7:10:00 PM MST,71.84
20-Nov-25 7:20:00 PM MST,71.77
20-Nov-25 7:30:00 PM MST,71.69
20-Nov-25 7:40:00 PM MST,71.59
20-Nov-25 7:50:00 PM MST,71.53
20-Nov-25 8:00:00 PM MST,71.45
20-Nov-25 8:10:00 PM MST,71.35
20-Nov-25 8:20:00 PM MST,71.26
20-Nov-25 8:30:00 PM MST,71.18
20-Nov-25 8:40:00 PM MST,71.10
20-Nov-25 8:50:00 PM MST,71.04
20-Nov-25 9:00:00 PM MST,70.95
20-Nov-25 9:10:00 PM MST,70.86
20-Nov-25 9:20:00 PM MST,70.80
20-Nov-25 9:30:00 PM MST,70.69
20-Nov-25 9:40:00 PM MST,70.60
20-Nov-25 9:50:00 PM MST,70.51
20-Nov-25 10:00:00 PM MST,70.41
20-Nov-25 10:10:00 PM MST,70.32
20-Nov-25 10:20:00 PM MST,70.23
20-Nov-25 10:30:00 PM MST,70.15
20-Nov-25 10:40:04 PM MST,70.04
20-Nov-25 10:50:00 PM MST,69.96
20-Nov-25 11:00:00 PM MST,69.89
20-Nov-25 11:10:00 PM MST,69.81
20-Nov-25 11:20:00 PM MST,69.71
20-Nov-25 11:30:00 PM MST,69.62
20-Nov-25 11:40:00 PM MST,69.54
20-Nov-25 11:50:00 PM MST,69.45
21-Nov-25 12:00:00 AM MST,69.38
21-Nov-25 12:10:00 AM MST,69.28
21-Nov-25 12:20:00 AM MST,69.24
21-Nov-25 12:30:00 AM MST,69.16
21-Nov-25 12:40:00 AM MST,69.12
21-Nov-25 12:50:00 AM MST,69.06
21-Nov-25 1:00:00 AM MST,69.00
21-Nov-25 1:10:00 AM MST,68.95
21-Nov-25 1:20:00 AM MST,68.91
21-Nov-25 1:30:00 AM MST,68.84
21-Nov-25 1:40:00 AM MST,68.83
21-Nov-25 1:50:00 AM MST,68.77
21-Nov-25 2:00:00 AM MST,68.74
21-Nov-25 2:10:00 AM MST,68.70
21-Nov-25 2:20:00 AM MST,68.67
21-Nov-25 2:30:00 AM MST,68.61
21-Nov-25 2:40:00 AM MST,68.58
21-Nov-25 2:50:00 AM MST,68.52
21-Nov-25 3:00:00 AM MST,68.51
21-Nov-25 3:10:00 AM MST,68.48
21-Nov-25 3:20:00 AM MST,68.43
21-Nov-25 3:30:00 AM MST,68.42
21-Nov-25 3:40:00 AM MST,68.40
21-Nov-25 3:50:00 AM MST,68.36
21-Nov-25 4:00:00 AM MST,68.34
21-Nov-25 4:10:00 AM MST,68.34
21-Nov-25 4:20:00 AM MST,68.10
21-Nov-25 4:30:00 AM MST,68.50
21-Nov-25 4:40:00 AM MST,69.14
21-Nov-25 4:50:00 AM MST,69.70
21-Nov-25 5:00:00 AM MST,70.20
21-Nov-25 5:10:00 AM MST,70.78
21-Nov-25 5:20:00 AM MST,71.21
21-Nov-25 5:30:00 AM MST,71.59
21-Nov-25 5:40:00 AM MST,71.35
21-Nov-25 5:50:00 AM MST,71.50
21-Nov-25 6:00:00 AM MST,71.55
21-Nov-25 6:10:00 AM MST,71.58
21-Nov-25 6:20:00 AM MST,71.62
21-Nov-25 6:30:00 AM MST,71.61
21-Nov-25 6:40:00 AM MST,71.69
21-Nov-25 6:50:00 AM MST,71.69
21-Nov-25 7:00:00 AM MST,71.67
21-Nov-25 7:10:00 AM MST,71.64
21-Nov-25 7:20:00 AM MST,71.61
21-Nov-25 7:30:00 AM MST,71.56
21-Nov-25 7:40:00 AM MST,71.54
21-Nov-25 7:50:00 AM MST,71.53
21-Nov-25 8:00:00 AM MST,71.52
21-Nov-25 8:10:00 AM MST,71.50
21-Nov-25 8:20:00 AM MST,71.51
21-Nov-25 8:30:00 AM MST,71.47
21-Nov-25 8:40:00 AM MST,71.50
21-Nov-25 8:50:00 AM MST,71.50
21-Nov-25 9:00:00 AM MST,71.51
21-Nov-25 9:10:00 AM MST,71.52
21-Nov-25 9:20:00 AM MST,71.53
21-Nov-25 9:30:00 AM MST,71.55
21-Nov-25 9:40:00 AM MST,71.53
21-Nov-25 9:50:00 AM MST,71.56
21-Nov-25 10:00:00 AM MST,71.57
21-Nov-25 10:10:00 AM MST,71.59
21-Nov-25 10:20:00 AM MST,71.83
21-Nov-25 10:30:00 AM MST,71.94
21-Nov-25 10:40:00 AM MST,72.06
21-Nov-25 10:50:00 AM MST,72.14
21-Nov-25 11:00:00 AM MST,72.25
21-Nov-25 11:10:00 AM MST,72.36
21-Nov-25 11:20:00 AM MST,72.51
21-Nov-25 11:30:00 AM MST,72.64
21-Nov-25 11:40:00 AM MST,72.69
21-Nov-25 11:50:00 AM MST,72.74
21-Nov-25 12:00:01 PM MST,72.80
21-Nov-25 12:10:00 PM MST,72.88
21-Nov-25 12:20:00 PM MST,72.98
21-Nov-25 12:30:00 PM MST,73.04
21-Nov-25 12:40:00 PM MST,73.06
21-Nov-25 12:50:00 PM MST,73.02
21-Nov-25 1:00:01 PM MST,72.99
21-Nov-25 1:10:00 PM MST,72.98
21-Nov-25 1:20:00 PM MST,72.91
21-Nov-25 1:30:00 PM MST,72.85
21-Nov-25 1:40:00 PM MST,72.80
21-Nov-25 1:50:00 PM MST,72.73
21-Nov-25 2:00:01 PM MST,72.64
21-Nov-25 2:10:00 PM MST,72.58
21-Nov-25 2:20:51 PM MST,72.58
21-Nov-25 2:30:00 PM MST,72.54
21-Nov-25 2:40:00 PM MST,72.47
21-Nov-25 2:50:00 PM MST,72.43
21-Nov-25 3:00:01 PM MST,72.33
21-Nov-25 3:10:00 PM MST,72.24
21-Nov-25 3:20:00 PM MST,72.26
21-Nov-25 3:30:00 PM MST,72.26
21-Nov-25 3:40:00 PM MST,72.30
21-Nov-25 3:50:00 PM MST,72.29
21-Nov-25 4:00:00 PM MST,72.32
21-Nov-25 4:10:00 PM MST,72.61
21-Nov-25 4:20:00 PM MST,72.89
21-Nov-25 4:30:00 PM MST,73.10
21-Nov-25 4:40:00 PM MST,73.26
21-Nov-25 4:50:00 PM MST,73.35
21-Nov-25 5:00:00 PM MST,73.42
21-Nov-25 5:10:00 PM MST,73.42
21-Nov-25 5:20:00 PM MST,73.39
21-Nov-25 5:30:00 PM MST,73.34
21-Nov-25 5:40:00 PM MST,73.27
21-Nov-25 5:50:00 PM MST,73.19
21-Nov-25 6:00:00 PM MST,73.07
21-Nov-25 6:10:00 PM MST,72.96
21-Nov-25 6:20:00 PM MST,72.81
21-Nov-25 6:30:00 PM MST,72.69
21-Nov-25 6:40:00 PM MST,72.50
21-Nov-25 6:50:00 PM MST,72.33
21-Nov-25 7:00:01 PM MST,72.17
21-Nov-25 7:10:00 PM MST,72.00
21-Nov-25 7:20:00 PM MST,71.83
21-Nov-25 7:30:00 PM MST,71.67
21-Nov-25 7:40:00 PM MST,71.49
21-Nov-25 7:50:00 PM MST,71.30
21-Nov-25 8:00:00 PM MST,71.12
21-Nov-25 8:10:00 PM MST,70.96
21-Nov-25 8:20:00 PM MST,70.77
21-Nov-25 8:30:00 PM MST,70.60
21-Nov-25 8:40:00 PM MST,70.41
21-Nov-25 8:50:00 PM MST,70.25
21-Nov-25 9:00:00 PM MST,70.10
21-Nov-25 9:10:00 PM MST,69.93
21-Nov-25 9:20:00 PM MST,69.79
21-Nov-25 9:30:00 PM MST,69.67
21-Nov-25 9:40:00 PM MST,69.54
21-Nov-25 9:50:00 PM MST,69.42
21-Nov-25 10:00:00 PM MST,69.32
21-Nov-25 10:10:00 PM MST,69.21
21-Nov-25 10:20:00 PM MST,69.12
21-Nov-25 10:30:00 PM MST,69.03
21-Nov-25 10:40:00 PM MST,68.92
21-Nov-25 10:50:00 PM MST,68.80
21-Nov-25 11:00:00 PM MST,68.68
21-Nov-25 11:10:00 PM MST,68.58
21-Nov-25 11:20:00 PM MST,68.48
21-Nov-25 11:30:00 PM MST,68.37
21-Nov-25 11:40:00 PM MST,68.28
21-Nov-25 11:50:00 PM MST,68.18
22-Nov-25 12:00:00 AM MST,68.08
22-Nov-25 12:10:00 AM MST,67.97
22-Nov-25 12:20:00 AM MST,67.86
22-Nov-25 12:30:00 AM MST,67.78
22-Nov-25 12:40:00 AM MST,67.69
22-Nov-25 12:50:00 AM MST,67.57
22-Nov-25 1:00:00 AM MST,67.48
22-Nov-25 1:10:00 AM MST,67.40
22-Nov-25 1:20:00 AM MST,67.28
22-Nov-25 1:30:00 AM MST,67.18
22-Nov-25 1:40:00 AM MST,67.12
22-Nov-25 1:50:00 AM MST,67.04
22-Nov-25 2:00:00 AM MST,66.93
22-Nov-25 2:10:00 AM MST,66.86
22-Nov-25 2:20:00 AM MST,66.78
22-Nov-25 2:30:00 AM MST,66.70
22-Nov-25 2:40:00 AM MST,66.61
22-Nov-25 2:50:00 AM MST,66.54
22-Nov-25 3:00:06 AM MST,66.47
22-Nov-25 3:10:00 AM MST,66.41
22-Nov-25 3:20:00 AM MST,66.34
22-Nov-25 3:30:00 AM MST,66.27
22-Nov-25 3:40:00 AM MST,66.20
22-Nov-25 3:50:00 AM MST,66.13
22-Nov-25 4:00:01 AM MST,66.04
22-Nov-25 4:10:00 AM MST,65.96
22-Nov-25 4:20:00 AM MST,65.90
22-Nov-25 4:30:00 AM MST,65.85
22-Nov-25 4:40:00 AM MST,65.77
22-Nov-25 4:50:00 AM MST,65.69
22-Nov-25 5:00:00 AM MST,65.61
22-Nov-25 5:10:00 AM MST,65.57
22-Nov-25 5:20:00 AM MST,65.49
22-Nov-25 5:30:00 AM MST,65.40
22-Nov-25 5:40:00 AM MST,65.34
22-Nov-25 5:50:00 AM MST,65.28
22-Nov-25 6:00:00 AM MST,65.20
22-Nov-25 6:10:00 AM MST,65.12
22-Nov-25 6:20:00 AM MST,65.05
22-Nov-25 6:30:00 AM MST,65.01
22-Nov-25 6:40:00 AM MST,64.93
22-Nov-25 6:50:00 AM MST,64.85
22-Nov-25 7:00:00 AM MST,64.77
22-Nov-25 7:10:00 AM MST,64.72
22-Nov-25 7:20:00 AM MST,64.69
22-Nov-25 7:30:00 AM MST,64.65
22-Nov-25 7:40:00 AM MST,64.59
22-Nov-25 7:50:00 AM MST,64.57
22-Nov-25 8:00:01 AM MST,64.57
22-Nov-25 8:10:00 AM MST,64.55
22-Nov-25 8:20:00 AM MST,64.52
22-Nov-25 8:30:00 AM MST,64.49
22-Nov-25 8:40:00 AM MST,64.50
22-Nov-25 8:50:00 AM MST,64.51
22-Nov-25 9:00:00 AM MST,64.53
22-Nov-25 9:10:00 AM MST,64.60
22-Nov-25 9:20:00 AM MST,64.66
22-Nov-25 9:30:00 AM MST,64.74
22-Nov-25 9:40:00 AM MST,64.87
22-Nov-25 9:50:00 AM MST,64.99
22-Nov-25 10:00:00 AM MST,65.15
22-Nov-25 10:10:00 AM MST,65.35
22-Nov-25 10:20:00 AM MST,65.57
22-Nov-25 10:30:00 AM MST,65.91
22-Nov-25 10:40:00 AM MST,66.30
22-Nov-25 10:50:00 AM MST,66.73
22-Nov-25 11:00:01 AM MST,67.20
22-Nov-25 11:10:00 AM MST,67.80
22-Nov-25 11:20:00 AM MST,68.44
22-Nov-25 11:30:00 AM MST,69.09
22-Nov-25 11:40:00 AM MST,69.82
22-Nov-25 11:50:00 AM MST,70.59
22-Nov-25 12:00:00 PM MST,71.32
22-Nov-25 12:10:00 PM MST,72.10
22-Nov-25 12:20:00 PM MST,72.94
22-Nov-25 12:30:00 PM MST,73.71
22-Nov-25 12:40:00 PM MST,74.57
22-Nov-25 12:50:00 PM MST,75.29
22-Nov-25 1:00:00 PM MST,76.05
22-Nov-25 1:10:00 PM MST,76.88
22-Nov-25 1:20:00 PM MST,77.68
22-Nov-25 1:30:00 PM MST,78.41
22-Nov-25 1:40:00 PM MST,79.09
22-Nov-25 1:50:00 PM MST,79.82
22-Nov-25 2:00:00 PM MST,80.46
22-Nov-25 2:10:00 PM MST,81.06
22-Nov-25 2:20:00 PM MST,81.75
22-Nov-25 2:30:00 PM MST,82.28
22-Nov-25 2:40:00 PM MST,82.82
22-Nov-25 2:50:00 PM MST,83.35
22-Nov-25 3:00:01 PM MST,83.82
22-Nov-25 3:10:00 PM MST,84.24
22-Nov-25 3:20:00 PM MST,84.66
22-Nov-25 3:30:00 PM MST,85.01
22-Nov-25 3:40:00 PM MST,85.42
22-Nov-25 3:50:00 PM MST,85.72
22-Nov-25 4:00:01 PM MST,85.96
22-Nov-25 4:10:00 PM MST,86.20
22-Nov-25 4:20:00 PM MST,86.33
22-Nov-25 4:30:00 PM MST,86.37
22-Nov-25 4:40:00 PM MST,86.34
22-Nov-25 4:50:00 PM MST,86.15
22-Nov-25 5:00:00 PM MST,85.91
22-Nov-25 5:10:00 PM MST,85.53
22-Nov-25 5:20:00 PM MST,85.07
22-Nov-25 5:30:00 PM MST,84.65
22-Nov-25 5:40:00 PM MST,84.19
22-Nov-25 5:50:00 PM MST,83.68
22-Nov-25 6:00:00 PM MST,83.24
22-Nov-25 6:10:00 PM MST,82.71
22-Nov-25 6:20:00 PM MST,82.23
22-Nov-25 6:30:00 PM MST,81.73
22-Nov-25 6:40:00 PM MST,81.22
22-Nov-25 6:50:00 PM MST,80.71
22-Nov-25 7:00:00 PM MST,80.22
22-Nov-25 7:10:00 PM MST,79.78
22-Nov-25 7:20:00 PM MST,79.27
22-Nov-25 7:30:00 PM MST,78.85
22-Nov-25 7:40:00 PM MST,78.43
22-Nov-25 7:50:00 PM MST,78.04
22-Nov-25 8:00:00 PM MST,77.64
22-Nov-25 8:10:00 PM MST,77.21
22-Nov-25 8:20:00 PM MST,76.82
22-Nov-25 8:30:00 PM MST,76.47
22-Nov-25 8:40:00 PM MST,76.10
22-Nov-25 8:50:00 PM MST,75.82
22-Nov-25 9:00:00 PM MST,75.50
22-Nov-25 9:10:00 PM MST,75.19
22-Nov-25 9:20:00 PM MST,74.92
22-Nov-25 9:30:00 PM MST,74.65
22-Nov-25 9:40:00 PM MST,74.38
22-Nov-25 10:00:01 PM MST,73.92
22-Nov-25 10:10:00 PM MST,73.76
22-Nov-25 10:20:00 PM MST,73.53
22-Nov-25 10:30:00 PM MST,73.31
22-Nov-25 10:40:00 PM MST,73.13
22-Nov-25 10:50:00 PM MST,72.95
22-Nov-25 11:00:01 PM MST,72.76
22-Nov-25 11:10:00 PM MST,72.59
22-Nov-25 11:20:00 PM MST,72.42
22-Nov-25 11:30:00 PM MST,72.25
22-Nov-25 11:40:00 PM MST,72.07
22-Nov-25 11:50:00 PM MST,71.91
23-Nov-25 12:00:00 AM MST,71.79
23-Nov-25 12:10:00 AM MST,71.64
23-Nov-25 12:20:00 AM MST,71.50
23-Nov-25 12:30:00 AM MST,71.36
23-Nov-25 12:40:00 AM MST,71.23
23-Nov-25 12:50:00 AM MST,71.10
23-Nov-25 1:00:01 AM MST,70.96
23-Nov-25 1:10:00 AM MST,70.86
23-Nov-25 1:20:00 AM MST,70.73
23-Nov-25 1:30:00 AM MST,70.61
23-Nov-25 1:40:00 AM MST,70.49
23-Nov-25 1:50:00 AM MST,70.39
23-Nov-25 2:00:00 AM MST,70.29
23-Nov-25 2:10:00 AM MST,70.17
23-Nov-25 2:20:00 AM MST,70.08
23-Nov-25 2:30:00 AM MST,69.98
23-Nov-25 2:40:00 AM MST,69.90
23-Nov-25 2:50:00 AM MST,69.83
23-Nov-25 3:00:00 AM MST,69.72
23-Nov-25 3:10:00 AM MST,69.64
23-Nov-25 3:20:00 AM MST,69.57
23-Nov-25 3:30:00 AM MST,69.50
23-Nov-25 3:40:00 AM MST,69.41
23-Nov-25 3:50:00 AM MST,69.32
23-Nov-25 4:00:00 AM MST,69.25
23-Nov-25 4:10:00 AM MST,69.19
23-Nov-25 4:20:00 AM MST,69.12
23-Nov-25 4:30:00 AM MST,69.05
23-Nov-25 4:40:00 AM MST,69.00
23-Nov-25 4:50:00 AM MST,68.96
23-Nov-25 5:00:00 AM MST,68.93
23-Nov-25 5:10:00 AM MST,68.89
23-Nov-25 5:20:00 AM MST,68.85
23-Nov-25 5:30:00 AM MST,68.81
23-Nov-25 5:40:00 AM MST,68.80
23-Nov-25 5:50:00 AM MST,68.76
23-Nov-25 6:00:00 AM MST,68.72
23-Nov-25 6:10:00 AM MST,68.67
23-Nov-25 6:20:00 AM MST,68.67
23-Nov-25 6:30:00 AM MST,68.64
23-Nov-25 6:40:00 AM MST,68.59
23-Nov-25 6:50:00 AM MST,68.57
23-Nov-25 7:00:00 AM MST,68.55
23-Nov-25 7:10:00 AM MST,68.54
23-Nov-25 7:20:00 AM MST,68.52
23-Nov-25 7:30:00 AM MST,68.50
23-Nov-25 7:40:00 AM MST,68.50
23-Nov-25 7:50:00 AM MST,68.49
23-Nov-25 8:00:01 AM MST,68.49
23-Nov-25 8:10:00 AM MST,68.48
23-Nov-25 8:20:00 AM MST,68.51
23-Nov-25 8:30:01 AM MST,68.55
23-Nov-25 8:40:00 AM MST,68.62
23-Nov-25 8:50:00 AM MST,68.74

